Restaurant_Name,Cuisine,Image_URL,Type,Reason
"Kricket Soho","indian","https://images.unsplash.com/photo-1565299624946-b28f40a0ca4b?w=1600&h=1200&fit=crop&crop=center&q=85&auto=format","unsplash","Generic stock photo"
"Maharaja of India","indian","https://images.unsplash.com/photo-1571091718767-18b5b1457add?w=1600&h=1200&fit=crop&crop=center&q=85&auto=format","unsplash","Generic stock photo"
"Aladin Brick Lane","indian","https://images.unsplash.com/photo-1585937421612-70a008356fbe?w=1600&h=1200&fit=crop&crop=center&q=85&auto=format","unsplash","Generic stock photo"
"Brigadiers","indian","https://images.unsplash.com/photo-1563379091339-03246963d4d8?w=1600&h=1200&fit=crop&crop=center&q=85&auto=format","unsplash","Generic stock photo"
"Cinnamon Bazaar","indian","https://images.unsplash.com/photo-1551218808-93d42e57582b?w=1600&h=1200&fit=crop&crop=center&q=85&auto=format","unsplash","Generic stock photo"
"Pravaas - South Kensington","indian","https://images.unsplash.com/photo-1565299624946-b28f40a0ca4b?w=1600&h=1200&fit=crop&crop=center&q=85&auto=format","unsplash","Generic stock photo"
"The India - City Road","modern-european","https://images.unsplash.com/photo-1551218808-93d42e57582b?w=1600&h=1200&fit=crop&crop=center&q=85&auto=format","unsplash","Generic stock photo"
"Circolo Popolare","italian","https://images.unsplash.com/photo-1579725942050-c312f3b1f8d6?w=1600&h=1200&fit=crop&crop=center&q=85&auto=format","unsplash","Generic stock photo"
"Grasso","italian","https://images.unsplash.com/photo-1551218808-93d42e57582b?w=1600&h=1200&fit=crop&crop=center&q=85&auto=format","unsplash","Generic stock photo"
"Gloria","italian","https://images.unsplash.com/photo-1565299507177-b0ac66763828?w=1600&h=1200&fit=crop&crop=center&q=85&auto=format","unsplash","Generic stock photo"
"Bocca di Lupo","italian","https://images.unsplash.com/photo-1571091718767-18b5b1457add?w=1600&h=1200&fit=crop&crop=center&q=85&auto=format","unsplash","Generic stock photo"
"Padella","italian","https://images.unsplash.com/photo-1585937421612-70a008356fbe?w=1600&h=1200&fit=crop&crop=center&q=85&auto=format","unsplash","Generic stock photo"
"Bancone Covent Garden","italian","https://images.unsplash.com/photo-1579725942050-c312f3b1f8d6?w=1600&h=1200&fit=crop&crop=center&q=85&auto=format","unsplash","Generic stock photo"
"Doppo","italian","https://images.unsplash.com/photo-1551218808-93d42e57582b?w=1600&h=1200&fit=crop&crop=center&q=85&auto=format","unsplash","Generic stock photo"
"manteca","italian","https://images.unsplash.com/photo-1565299507177-b0ac66763828?w=1600&h=1200&fit=crop&crop=center&q=85&auto=format","unsplash","Generic stock photo"
"Giulia Restaurant","italian","https://images.unsplash.com/photo-1571091718767-18b5b1457add?w=1600&h=1200&fit=crop&crop=center&q=85&auto=format","unsplash","Generic stock photo"
"Amor Gastronomia","italian","https://images.unsplash.com/photo-1585937421612-70a008356fbe?w=1600&h=1200&fit=crop&crop=center&q=85&auto=format","unsplash","Generic stock photo"
"Zuma London","japanese","https://images.unsplash.com/photo-1505253716362-af3e789f8724?w=1600&h=1200&fit=crop&crop=center&q=85&auto=format","unsplash","Generic stock photo"
"OITA Soho","japanese","https://images.unsplash.com/photo-1565299624946-b28f40a0ca4b?w=1600&h=1200&fit=crop&crop=center&q=85&auto=format","unsplash","Generic stock photo"
"SUSHISAMBA London","modern-european","https://images.unsplash.com/photo-1565299507177-b0ac66763828?w=1600&h=1200&fit=crop&crop=center&q=85&auto=format","unsplash","Generic stock photo"
"Maru London","japanese","https://images.unsplash.com/photo-1571091718767-18b5b1457add?w=1600&h=1200&fit=crop&crop=center&q=85&auto=format","unsplash","Generic stock photo"
"SUSHINOEN","british","https://images.unsplash.com/photo-1565299507177-b0ac66763828?w=1600&h=1200&fit=crop&crop=center&q=85&auto=format","unsplash","Generic stock photo"
"RAI Restaurant London","japanese","https://images.unsplash.com/photo-1585937421612-70a008356fbe?w=1600&h=1200&fit=crop&crop=center&q=85&auto=format","unsplash","Generic stock photo"
"INKO NITO - Soho","japanese","https://images.unsplash.com/photo-1563379091339-03246963d4d8?w=1600&h=1200&fit=crop&crop=center&q=85&auto=format","unsplash","Generic stock photo"
"YiQi","japanese","https://images.unsplash.com/photo-1505253716362-af3e789f8724?w=1600&h=1200&fit=crop&crop=center&q=85&auto=format","unsplash","Generic stock photo"
"Imperial Treasure Fine Chinese Cuisine","modern-european","https://images.unsplash.com/photo-1571091718767-18b5b1457add?w=1600&h=1200&fit=crop&crop=center&q=85&auto=format","unsplash","Generic stock photo"
"Hutong","japanese","https://images.unsplash.com/photo-1565299624946-b28f40a0ca4b?w=1600&h=1200&fit=crop&crop=center&q=85&auto=format","unsplash","Generic stock photo"
"House of Ming","japanese","https://images.unsplash.com/photo-1571091718767-18b5b1457add?w=1600&h=1200&fit=crop&crop=center&q=85&auto=format","unsplash","Generic stock photo"
"Peacock London","japanese","https://images.unsplash.com/photo-1585937421612-70a008356fbe?w=1600&h=1200&fit=crop&crop=center&q=85&auto=format","unsplash","Generic stock photo"
"Noble Palace","japanese","https://images.unsplash.com/photo-1563379091339-03246963d4d8?w=1600&h=1200&fit=crop&crop=center&q=85&auto=format","unsplash","Generic stock photo"
"The Sichuan Restaurant","japanese","https://images.unsplash.com/photo-1505253716362-af3e789f8724?w=1600&h=1200&fit=crop&crop=center&q=85&auto=format","unsplash","Generic stock photo"
"Min Jiang","japanese","https://images.unsplash.com/photo-1565299624946-b28f40a0ca4b?w=1600&h=1200&fit=crop&crop=center&q=85&auto=format","unsplash","Generic stock photo"
"Ma La Sichuan","japanese","https://images.unsplash.com/photo-1571091718767-18b5b1457add?w=1600&h=1200&fit=crop&crop=center&q=85&auto=format","unsplash","Generic stock photo"
"Golden Dragon (Chinatown)","japanese","https://images.unsplash.com/photo-1585937421612-70a008356fbe?w=1600&h=1200&fit=crop&crop=center&q=85&auto=format","unsplash","Generic stock photo"
"Speedboat Bar","japanese","https://images.unsplash.com/photo-1563379091339-03246963d4d8?w=1600&h=1200&fit=crop&crop=center&q=85&auto=format","unsplash","Generic stock photo"
"Kolae","thai","https://images.unsplash.com/photo-1548940740-204726a115ae?w=1600&h=1200&fit=crop&crop=center&q=85&auto=format","unsplash","Generic stock photo"
"Nua","thai","https://images.unsplash.com/photo-1565299624946-b28f40a0ca4b?w=1600&h=1200&fit=crop&crop=center&q=85&auto=format","unsplash","Generic stock photo"
"AngloThai","thai","https://images.unsplash.com/photo-1571091718767-18b5b1457add?w=1600&h=1200&fit=crop&crop=center&q=85&auto=format","unsplash","Generic stock photo"
"Plaza Khao Gaeng","thai","https://images.unsplash.com/photo-1585937421612-70a008356fbe?w=1600&h=1200&fit=crop&crop=center&q=85&auto=format","unsplash","Generic stock photo"
"Patara Knightsbridge","thai","https://images.unsplash.com/photo-1563379091339-03246963d4d8?w=1600&h=1200&fit=crop&crop=center&q=85&auto=format","unsplash","Generic stock photo"
"Champor-Champor","thai","https://images.unsplash.com/photo-1548940740-204726a115ae?w=1600&h=1200&fit=crop&crop=center&q=85&auto=format","unsplash","Generic stock photo"
"Kin + Deum","thai","https://images.unsplash.com/photo-1565299624946-b28f40a0ca4b?w=1600&h=1200&fit=crop&crop=center&q=85&auto=format","unsplash","Generic stock photo"
"Chet's","thai","https://images.unsplash.com/photo-1571091718767-18b5b1457add?w=1600&h=1200&fit=crop&crop=center&q=85&auto=format","unsplash","Generic stock photo"
"Patara Oxford Circus","thai","https://images.unsplash.com/photo-1585937421612-70a008356fbe?w=1600&h=1200&fit=crop&crop=center&q=85&auto=format","unsplash","Generic stock photo"
"MASA TURKISH RESTAURANT","modern-european","https://images.unsplash.com/photo-1585937421612-70a008356fbe?w=1600&h=1200&fit=crop&crop=center&q=85&auto=format","unsplash","Generic stock photo"
"ANA Turkish Restaurant and Bar","british","https://images.unsplash.com/photo-1551218808-93d42e57582b?w=1600&h=1200&fit=crop&crop=center&q=85&auto=format","unsplash","Generic stock photo"
"Gökyüzü Green Lanes","modern-european","https://images.unsplash.com/photo-1563379091339-03246963d4d8?w=1600&h=1200&fit=crop&crop=center&q=85&auto=format","unsplash","Generic stock photo"
"Efes Premium","turkish","https://images.unsplash.com/photo-1574071318508-1cdbab80d002?w=1600&h=1200&fit=crop&crop=center&q=85&auto=format","unsplash","Generic stock photo"
"The Mantl","turkish","https://images.unsplash.com/photo-1565299585323-38174c4aab98?w=1600&h=1200&fit=crop&crop=center&q=85&auto=format","unsplash","Generic stock photo"
"Cirrik 19 Numara Bos","turkish","https://images.unsplash.com/photo-1551782450-a2132b4ba21d?w=1600&h=1200&fit=crop&crop=center&q=85&auto=format","unsplash","Generic stock photo"
"Liman Restaurant","turkish","https://images.unsplash.com/photo-1548940740-204726a115ae?w=1600&h=1200&fit=crop&crop=center&q=85&auto=format","unsplash","Generic stock photo"
"Antalya","turkish","https://images.unsplash.com/photo-1504674900247-087700f998c5?w=1600&h=1200&fit=crop&crop=center&q=85&auto=format","unsplash","Generic stock photo"
"Dem Restaurant (Traditional Turkish Restaurant, Meze Grill)","modern-european","https://images.unsplash.com/photo-1551218808-93d42e57582b?w=1600&h=1200&fit=crop&crop=center&q=85&auto=format","unsplash","Generic stock photo"
"Alanya turkish with fusion","modern-european","https://images.unsplash.com/photo-1565299507177-b0ac66763828?w=1600&h=1200&fit=crop&crop=center&q=85&auto=format","unsplash","Generic stock photo"
"Fes Restaurant","turkish","https://images.unsplash.com/photo-1574071318508-1cdbab80d002?w=1600&h=1200&fit=crop&crop=center&q=85&auto=format","unsplash","Generic stock photo"
"Brasserie Zedel","modern-european","https://images.unsplash.com/photo-1571091718767-18b5b1457add?w=1600&h=1200&fit=crop&crop=center&q=85&auto=format","unsplash","Generic stock photo"
"Bouchon Racine","french","https://images.unsplash.com/photo-1519671482749-fd09be7c511a?w=1600&h=1200&fit=crop&crop=center&q=85&auto=format","unsplash","Generic stock photo"
"Le Relais de Venise L'Entrecote | Marylebone","french","https://images.unsplash.com/photo-1551218808-93d42e57582b?w=1600&h=1200&fit=crop&crop=center&q=85&auto=format","unsplash","Generic stock photo"
"L'Escargot Restaurant","french","https://images.unsplash.com/photo-1565299507177-b0ac66763828?w=1600&h=1200&fit=crop&crop=center&q=85&auto=format","unsplash","Generic stock photo"
"Galvin La Chapelle","french","https://images.unsplash.com/photo-1571091718767-18b5b1457add?w=1600&h=1200&fit=crop&crop=center&q=85&auto=format","unsplash","Generic stock photo"
"Chez Bruce","french","https://images.unsplash.com/photo-1585937421612-70a008356fbe?w=1600&h=1200&fit=crop&crop=center&q=85&auto=format","unsplash","Generic stock photo"
"Maison François","french","https://images.unsplash.com/photo-1519671482749-fd09be7c511a?w=1600&h=1200&fit=crop&crop=center&q=85&auto=format","unsplash","Generic stock photo"
"Casse-Croûte","french","https://images.unsplash.com/photo-1551218808-93d42e57582b?w=1600&h=1200&fit=crop&crop=center&q=85&auto=format","unsplash","Generic stock photo"
"Clos Maggiore","french","https://images.unsplash.com/photo-1565299507177-b0ac66763828?w=1600&h=1200&fit=crop&crop=center&q=85&auto=format","unsplash","Generic stock photo"
"Pavyllon London","french","https://images.unsplash.com/photo-1571091718767-18b5b1457add?w=1600&h=1200&fit=crop&crop=center&q=85&auto=format","unsplash","Generic stock photo"
"La Trompette","french","https://images.unsplash.com/photo-1585937421612-70a008356fbe?w=1600&h=1200&fit=crop&crop=center&q=85&auto=format","unsplash","Generic stock photo"
"El Pirata Of Mayfair - Tapas Bar Español","british","https://images.unsplash.com/photo-1563379091339-03246963d4d8?w=1600&h=1200&fit=crop&crop=center&q=85&auto=format","unsplash","Generic stock photo"
"Copita Fitzrovia Tapas Bar","spanish","https://images.unsplash.com/photo-1568901346375-23c9450c58cd?w=1600&h=1200&fit=crop&crop=center&q=85&auto=format","unsplash","Generic stock photo"
"La Gamba - Spanish Tapas Bar & Restaurant","british","https://images.unsplash.com/photo-1571091718767-18b5b1457add?w=1600&h=1200&fit=crop&crop=center&q=85&auto=format","unsplash","Generic stock photo"
"Salt Yard","spanish","https://images.unsplash.com/photo-1565299624946-b28f40a0ca4b?w=1600&h=1200&fit=crop&crop=center&q=85&auto=format","unsplash","Generic stock photo"
"Koko Grill Korean BBQ Restaurant","korean","https://images.unsplash.com/photo-1551782450-a2132b4ba21d?w=1600&h=1200&fit=crop&crop=center&q=85&auto=format","unsplash","Generic stock photo"
"Arang Restaurant","korean","https://images.unsplash.com/photo-1565299624946-b28f40a0ca4b?w=1600&h=1200&fit=crop&crop=center&q=85&auto=format","unsplash","Generic stock photo"
"Soju Korean Restaurant","korean","https://images.unsplash.com/photo-1571091718767-18b5b1457add?w=1600&h=1200&fit=crop&crop=center&q=85&auto=format","unsplash","Generic stock photo"
"Jang Restaurant","korean","https://images.unsplash.com/photo-1585937421612-70a008356fbe?w=1600&h=1200&fit=crop&crop=center&q=85&auto=format","unsplash","Generic stock photo"
"Korean Dinner Party","korean","https://images.unsplash.com/photo-1563379091339-03246963d4d8?w=1600&h=1200&fit=crop&crop=center&q=85&auto=format","unsplash","Generic stock photo"
"YORI Piccadilly Circus Korean BBQ","korean","https://images.unsplash.com/photo-1551782450-a2132b4ba21d?w=1600&h=1200&fit=crop&crop=center&q=85&auto=format","unsplash","Generic stock photo"
"Bibimbap Soho","korean","https://images.unsplash.com/photo-1565299624946-b28f40a0ca4b?w=1600&h=1200&fit=crop&crop=center&q=85&auto=format","unsplash","Generic stock photo"
"Daebak","korean","https://images.unsplash.com/photo-1571091718767-18b5b1457add?w=1600&h=1200&fit=crop&crop=center&q=85&auto=format","unsplash","Generic stock photo"
"Cu4tro Restaurant & Tequila Bar","mexican","https://images.unsplash.com/photo-1565299585323-38174c4aab98?w=1600&h=1200&fit=crop&crop=center&q=85&auto=format","unsplash","Generic stock photo"
"Mestizo Mexican Restaurant & Tequila Bar","mexican","https://images.unsplash.com/photo-1565299624946-b28f40a0ca4b?w=1600&h=1200&fit=crop&crop=center&q=85&auto=format","unsplash","Generic stock photo"
"Wahaca Covent Garden","mexican","https://images.unsplash.com/photo-1571091718767-18b5b1457add?w=1600&h=1200&fit=crop&crop=center&q=85&auto=format","unsplash","Generic stock photo"
"Santo Remedio - Asador, London Bridge","spanish","https://images.unsplash.com/photo-1571091718767-18b5b1457add?w=1600&h=1200&fit=crop&crop=center&q=85&auto=format","unsplash","Generic stock photo"
"El Pastor Soho","spanish","https://images.unsplash.com/photo-1585937421612-70a008356fbe?w=1600&h=1200&fit=crop&crop=center&q=85&auto=format","unsplash","Generic stock photo"
"Los Mochis London City","spanish","https://images.unsplash.com/photo-1563379091339-03246963d4d8?w=1600&h=1200&fit=crop&crop=center&q=85&auto=format","unsplash","Generic stock photo"
"Mestizo Chelsea: Mexican Restaurant & Margarita Bar","mexican","https://images.unsplash.com/photo-1585937421612-70a008356fbe?w=1600&h=1200&fit=crop&crop=center&q=85&auto=format","unsplash","Generic stock photo"
"Mexican Seoul","mexican","https://images.unsplash.com/photo-1563379091339-03246963d4d8?w=1600&h=1200&fit=crop&crop=center&q=85&auto=format","unsplash","Generic stock photo"
"El Cenote","spanish","https://images.unsplash.com/photo-1568901346375-23c9450c58cd?w=1600&h=1200&fit=crop&crop=center&q=85&auto=format","unsplash","Generic stock photo"
"Cavita","spanish","https://images.unsplash.com/photo-1565299624946-b28f40a0ca4b?w=1600&h=1200&fit=crop&crop=center&q=85&auto=format","unsplash","Generic stock photo"
"Yucca London","spanish","https://images.unsplash.com/photo-1571091718767-18b5b1457add?w=1600&h=1200&fit=crop&crop=center&q=85&auto=format","unsplash","Generic stock photo"
"Taste of Lahore","indian","https://images.unsplash.com/photo-1571091718767-18b5b1457add?w=1600&h=1200&fit=crop&crop=center&q=85&auto=format","unsplash","Generic stock photo"
"The Banc","british","https://images.unsplash.com/photo-1585937421612-70a008356fbe?w=1600&h=1200&fit=crop&crop=center&q=85&auto=format","unsplash","Generic stock photo"
"Shahs Halal Food Soho","indian","https://images.unsplash.com/photo-1585937421612-70a008356fbe?w=1600&h=1200&fit=crop&crop=center&q=85&auto=format","unsplash","Generic stock photo"
"Meet Bros (by Me’nate x Jibby&co.)","modern-european","https://images.unsplash.com/photo-1585937421612-70a008356fbe?w=1600&h=1200&fit=crop&crop=center&q=85&auto=format","unsplash","Generic stock photo"
"Steak and Company - Covent Garden","british","https://images.unsplash.com/photo-1565299507177-b0ac66763828?w=1600&h=1200&fit=crop&crop=center&q=85&auto=format","unsplash","Generic stock photo"
"Colonel Saab","indian","https://images.unsplash.com/photo-1563379091339-03246963d4d8?w=1600&h=1200&fit=crop&crop=center&q=85&auto=format","unsplash","Generic stock photo"
"Naroon Fitzrovia","british","https://images.unsplash.com/photo-1551218808-93d42e57582b?w=1600&h=1200&fit=crop&crop=center&q=85&auto=format","unsplash","Generic stock photo"
"Mildreds Victoria","british","https://images.unsplash.com/photo-1563379091339-03246963d4d8?w=1600&h=1200&fit=crop&crop=center&q=85&auto=format","unsplash","Generic stock photo"
"Vegan Yes","korean","https://images.unsplash.com/photo-1585937421612-70a008356fbe?w=1600&h=1200&fit=crop&crop=center&q=85&auto=format","unsplash","Generic stock photo"
"Tendril - A (mostly) Vegan Kitchen & Bar","mediterranean","https://images.unsplash.com/photo-1504674900247-087700f998c5?w=1600&h=1200&fit=crop&crop=center&q=85&auto=format","unsplash","Generic stock photo"
"Gauthier Soho","french","https://images.unsplash.com/photo-1519671482749-fd09be7c511a?w=1600&h=1200&fit=crop&crop=center&q=85&auto=format","unsplash","Generic stock photo"
"Studio Gauthier","french","https://images.unsplash.com/photo-1551218808-93d42e57582b?w=1600&h=1200&fit=crop&crop=center&q=85&auto=format","unsplash","Generic stock photo"
"Unity Diner","mediterranean","https://images.unsplash.com/photo-1551218808-93d42e57582b?w=1600&h=1200&fit=crop&crop=center&q=85&auto=format","unsplash","Generic stock photo"
"Holy Carrot","mediterranean","https://images.unsplash.com/photo-1565299507177-b0ac66763828?w=1600&h=1200&fit=crop&crop=center&q=85&auto=format","unsplash","Generic stock photo"
"KIN Cafe & Restaurant","mediterranean","https://images.unsplash.com/photo-1571091718767-18b5b1457add?w=1600&h=1200&fit=crop&crop=center&q=85&auto=format","unsplash","Generic stock photo"
"Mildreds Kings Cross","british","https://images.unsplash.com/photo-1571091718767-18b5b1457add?w=1600&h=1200&fit=crop&crop=center&q=85&auto=format","unsplash","Generic stock photo"
"Vegan Planet","mediterranean","https://images.unsplash.com/photo-1585937421612-70a008356fbe?w=1600&h=1200&fit=crop&crop=center&q=85&auto=format","unsplash","Generic stock photo"
"The Ledbury","french","https://images.unsplash.com/photo-1565299507177-b0ac66763828?w=1600&h=1200&fit=crop&crop=center&q=85&auto=format","unsplash","Generic stock photo"
"Ekstedt at The Yard","mediterranean","https://images.unsplash.com/photo-1504674900247-087700f998c5?w=1600&h=1200&fit=crop&crop=center&q=85&auto=format","unsplash","Generic stock photo"
"Restaurant St. Barts","mediterranean","https://images.unsplash.com/photo-1551218808-93d42e57582b?w=1600&h=1200&fit=crop&crop=center&q=85&auto=format","unsplash","Generic stock photo"
"Kitchen Table","mediterranean","https://images.unsplash.com/photo-1565299507177-b0ac66763828?w=1600&h=1200&fit=crop&crop=center&q=85&auto=format","unsplash","Generic stock photo"
"Hélène Darroze at The Connaught","british","https://images.unsplash.com/photo-1585937421612-70a008356fbe?w=1600&h=1200&fit=crop&crop=center&q=85&auto=format","unsplash","Generic stock photo"
"Restaurant 1890 by Gordon Ramsay","french","https://images.unsplash.com/photo-1571091718767-18b5b1457add?w=1600&h=1200&fit=crop&crop=center&q=85&auto=format","unsplash","Generic stock photo"
"The Ninth","french","https://images.unsplash.com/photo-1585937421612-70a008356fbe?w=1600&h=1200&fit=crop&crop=center&q=85&auto=format","unsplash","Generic stock photo"
"HIDE","french","https://images.unsplash.com/photo-1519671482749-fd09be7c511a?w=1600&h=1200&fit=crop&crop=center&q=85&auto=format","unsplash","Generic stock photo"
"Frog by Adam Handling Restaurant Covent Garden","french","https://images.unsplash.com/photo-1551218808-93d42e57582b?w=1600&h=1200&fit=crop&crop=center&q=85&auto=format","unsplash","Generic stock photo"
"Scully","french","https://images.unsplash.com/photo-1565299507177-b0ac66763828?w=1600&h=1200&fit=crop&crop=center&q=85&auto=format","unsplash","Generic stock photo"
"L'ETO Soho","mediterranean","https://images.unsplash.com/photo-1571091718767-18b5b1457add?w=1600&h=1200&fit=crop&crop=center&q=85&auto=format","unsplash","Generic stock photo"
"London Night Cafe","mediterranean","https://images.unsplash.com/photo-1585937421612-70a008356fbe?w=1600&h=1200&fit=crop&crop=center&q=85&auto=format","unsplash","Generic stock photo"
"Old Queen Street Cafe","mediterranean","https://images.unsplash.com/photo-1504674900247-087700f998c5?w=1600&h=1200&fit=crop&crop=center&q=85&auto=format","unsplash","Generic stock photo"
"E Pellicci","mediterranean","https://images.unsplash.com/photo-1551218808-93d42e57582b?w=1600&h=1200&fit=crop&crop=center&q=85&auto=format","unsplash","Generic stock photo"
"Dulce Coffee London","mediterranean","https://images.unsplash.com/photo-1565299507177-b0ac66763828?w=1600&h=1200&fit=crop&crop=center&q=85&auto=format","unsplash","Generic stock photo"
"EL&N London Park Lane","mediterranean","https://images.unsplash.com/photo-1571091718767-18b5b1457add?w=1600&h=1200&fit=crop&crop=center&q=85&auto=format","unsplash","Generic stock photo"
"Monmouth Coffee Company","mediterranean","https://images.unsplash.com/photo-1585937421612-70a008356fbe?w=1600&h=1200&fit=crop&crop=center&q=85&auto=format","unsplash","Generic stock photo"
"Kiss the Hippo Coffee","mediterranean","https://images.unsplash.com/photo-1504674900247-087700f998c5?w=1600&h=1200&fit=crop&crop=center&q=85&auto=format","unsplash","Generic stock photo"
"Kaffeine","mediterranean","https://images.unsplash.com/photo-1551218808-93d42e57582b?w=1600&h=1200&fit=crop&crop=center&q=85&auto=format","unsplash","Generic stock photo"
"Rosslyn Coffee London Wall","mediterranean","https://images.unsplash.com/photo-1565299507177-b0ac66763828?w=1600&h=1200&fit=crop&crop=center&q=85&auto=format","unsplash","Generic stock photo"
"Chill House Coffee Shop","mediterranean","https://images.unsplash.com/photo-1571091718767-18b5b1457add?w=1600&h=1200&fit=crop&crop=center&q=85&auto=format","unsplash","Generic stock photo"
"Batch Baby","mediterranean","https://images.unsplash.com/photo-1585937421612-70a008356fbe?w=1600&h=1200&fit=crop&crop=center&q=85&auto=format","unsplash","Generic stock photo"
"Attendant Coffee Roasters | Fitzrovia","mediterranean","https://images.unsplash.com/photo-1504674900247-087700f998c5?w=1600&h=1200&fit=crop&crop=center&q=85&auto=format","unsplash","Generic stock photo"
"Coffee Island","mediterranean","https://images.unsplash.com/photo-1551218808-93d42e57582b?w=1600&h=1200&fit=crop&crop=center&q=85&auto=format","unsplash","Generic stock photo"
"Arôme Bakery - Mercer Street","mediterranean","https://images.unsplash.com/photo-1565299507177-b0ac66763828?w=1600&h=1200&fit=crop&crop=center&q=85&auto=format","unsplash","Generic stock photo"
"E5 Bakehouse","mediterranean","https://images.unsplash.com/photo-1571091718767-18b5b1457add?w=1600&h=1200&fit=crop&crop=center&q=85&auto=format","unsplash","Generic stock photo"
"Aux pains de papy","mediterranean","https://images.unsplash.com/photo-1585937421612-70a008356fbe?w=1600&h=1200&fit=crop&crop=center&q=85&auto=format","unsplash","Generic stock photo"
"Chestnut Bakery, Covent Garden","mediterranean","https://images.unsplash.com/photo-1504674900247-087700f998c5?w=1600&h=1200&fit=crop&crop=center&q=85&auto=format","unsplash","Generic stock photo"
"COMMON BREADS","mediterranean","https://images.unsplash.com/photo-1551218808-93d42e57582b?w=1600&h=1200&fit=crop&crop=center&q=85&auto=format","unsplash","Generic stock photo"
"Miel Bakery","mediterranean","https://images.unsplash.com/photo-1565299507177-b0ac66763828?w=1600&h=1200&fit=crop&crop=center&q=85&auto=format","unsplash","Generic stock photo"
"TOAD Bakery","mediterranean","https://images.unsplash.com/photo-1571091718767-18b5b1457add?w=1600&h=1200&fit=crop&crop=center&q=85&auto=format","unsplash","Generic stock photo"
"GAIL's Bakery Soho","mediterranean","https://images.unsplash.com/photo-1585937421612-70a008356fbe?w=1600&h=1200&fit=crop&crop=center&q=85&auto=format","unsplash","Generic stock photo"
"Brother Marcus Borough","british","https://images.unsplash.com/photo-1565299507177-b0ac66763828?w=1600&h=1200&fit=crop&crop=center&q=85&auto=format","unsplash","Generic stock photo"
"Sunday in Brooklyn - Modern American Restaurant Marylebone","mediterranean","https://images.unsplash.com/photo-1504674900247-087700f998c5?w=1600&h=1200&fit=crop&crop=center&q=85&auto=format","unsplash","Generic stock photo"
"Eggbreak","mediterranean","https://images.unsplash.com/photo-1551218808-93d42e57582b?w=1600&h=1200&fit=crop&crop=center&q=85&auto=format","unsplash","Generic stock photo"
"Brother Marcus South Kensington","british","https://images.unsplash.com/photo-1551218808-93d42e57582b?w=1600&h=1200&fit=crop&crop=center&q=85&auto=format","unsplash","Generic stock photo"
"Duck & Waffle","mediterranean","https://images.unsplash.com/photo-1565299507177-b0ac66763828?w=1600&h=1200&fit=crop&crop=center&q=85&auto=format","unsplash","Generic stock photo"
"Milk Beach Soho","mediterranean","https://images.unsplash.com/photo-1571091718767-18b5b1457add?w=1600&h=1200&fit=crop&crop=center&q=85&auto=format","unsplash","Generic stock photo"
"The Breakfast Club Soho","mediterranean","https://images.unsplash.com/photo-1585937421612-70a008356fbe?w=1600&h=1200&fit=crop&crop=center&q=85&auto=format","unsplash","Generic stock photo"
"The Table Café","mediterranean","https://images.unsplash.com/photo-1504674900247-087700f998c5?w=1600&h=1200&fit=crop&crop=center&q=85&auto=format","unsplash","Generic stock photo"
"The Breakfast Club Seven Dials","mediterranean","https://images.unsplash.com/photo-1551218808-93d42e57582b?w=1600&h=1200&fit=crop&crop=center&q=85&auto=format","unsplash","Generic stock photo"
"Brother Marcus Covent Garden","british","https://images.unsplash.com/photo-1563379091339-03246963d4d8?w=1600&h=1200&fit=crop&crop=center&q=85&auto=format","unsplash","Generic stock photo"
"The Little Scarlet Door","mediterranean","https://images.unsplash.com/photo-1565299507177-b0ac66763828?w=1600&h=1200&fit=crop&crop=center&q=85&auto=format","unsplash","Generic stock photo"
"Amazing Grace London Bridge","mediterranean","https://images.unsplash.com/photo-1571091718767-18b5b1457add?w=1600&h=1200&fit=crop&crop=center&q=85&auto=format","unsplash","Generic stock photo"
"Florattica Rooftop London","mediterranean","https://images.unsplash.com/photo-1585937421612-70a008356fbe?w=1600&h=1200&fit=crop&crop=center&q=85&auto=format","unsplash","Generic stock photo"
"STEREO Covent Garden","mediterranean","https://images.unsplash.com/photo-1504674900247-087700f998c5?w=1600&h=1200&fit=crop&crop=center&q=85&auto=format","unsplash","Generic stock photo"
"Disrepute - Cocktail Bar in Soho","mediterranean","https://images.unsplash.com/photo-1551218808-93d42e57582b?w=1600&h=1200&fit=crop&crop=center&q=85&auto=format","unsplash","Generic stock photo"
"Pulse Bar London","mediterranean","https://images.unsplash.com/photo-1565299507177-b0ac66763828?w=1600&h=1200&fit=crop&crop=center&q=85&auto=format","unsplash","Generic stock photo"
"SOMA Soho","mediterranean","https://images.unsplash.com/photo-1571091718767-18b5b1457add?w=1600&h=1200&fit=crop&crop=center&q=85&auto=format","unsplash","Generic stock photo"
"Lyaness","mediterranean","https://images.unsplash.com/photo-1585937421612-70a008356fbe?w=1600&h=1200&fit=crop&crop=center&q=85&auto=format","unsplash","Generic stock photo"
"Bussey Rooftop Bar","mediterranean","https://images.unsplash.com/photo-1504674900247-087700f998c5?w=1600&h=1200&fit=crop&crop=center&q=85&auto=format","unsplash","Generic stock photo"
"Wagtail","mediterranean","https://images.unsplash.com/photo-1551218808-93d42e57582b?w=1600&h=1200&fit=crop&crop=center&q=85&auto=format","unsplash","Generic stock photo"
"London Bridge Rooftop Bar","mediterranean","https://images.unsplash.com/photo-1565299507177-b0ac66763828?w=1600&h=1200&fit=crop&crop=center&q=85&auto=format","unsplash","Generic stock photo"
"Mercer Roof Terrace","mediterranean","https://images.unsplash.com/photo-1571091718767-18b5b1457add?w=1600&h=1200&fit=crop&crop=center&q=85&auto=format","unsplash","Generic stock photo"
"Miradora Rooftop Restaurant Tequileria","mediterranean","https://images.unsplash.com/photo-1585937421612-70a008356fbe?w=1600&h=1200&fit=crop&crop=center&q=85&auto=format","unsplash","Generic stock photo"
"Aviary","mediterranean","https://images.unsplash.com/photo-1504674900247-087700f998c5?w=1600&h=1200&fit=crop&crop=center&q=85&auto=format","unsplash","Generic stock photo"
"JOIA Restaurant, Bar & Rooftop","mediterranean","https://images.unsplash.com/photo-1551218808-93d42e57582b?w=1600&h=1200&fit=crop&crop=center&q=85&auto=format","unsplash","Generic stock photo"
"Pergola on the Wharf","mediterranean","https://images.unsplash.com/photo-1565299507177-b0ac66763828?w=1600&h=1200&fit=crop&crop=center&q=85&auto=format","unsplash","Generic stock photo"
"Blacklock Soho","british","https://images.unsplash.com/photo-1571091718767-18b5b1457add?w=1600&h=1200&fit=crop&crop=center&q=85&auto=format","unsplash","Generic stock photo"
"Señor Ceviche Peruvian Restaurant Soho","british","https://images.unsplash.com/photo-1585937421612-70a008356fbe?w=1600&h=1200&fit=crop&crop=center&q=85&auto=format","unsplash","Generic stock photo"
"Kricket Shoreditch - Kafé, Restaurant & Bar","indian","https://images.unsplash.com/photo-1551218808-93d42e57582b?w=1600&h=1200&fit=crop&crop=center&q=85&auto=format","unsplash","Generic stock photo"
"Blacklock Shoreditch","british","https://images.unsplash.com/photo-1565299507177-b0ac66763828?w=1600&h=1200&fit=crop&crop=center&q=85&auto=format","unsplash","Generic stock photo"
"Popolo Shoreditch","british","https://images.unsplash.com/photo-1551218808-93d42e57582b?w=1600&h=1200&fit=crop&crop=center&q=85&auto=format","unsplash","Generic stock photo"
"SMOKESTAK","british","https://images.unsplash.com/photo-1563379091339-03246963d4d8?w=1600&h=1200&fit=crop&crop=center&q=85&auto=format","unsplash","Generic stock photo"
"Camino Shoreditch","british","https://images.unsplash.com/photo-1571091718767-18b5b1457add?w=1600&h=1200&fit=crop&crop=center&q=85&auto=format","unsplash","Generic stock photo"
"34 Mayfair","british","https://images.unsplash.com/photo-1585937421612-70a008356fbe?w=1600&h=1200&fit=crop&crop=center&q=85&auto=format","unsplash","Generic stock photo"
"Gaia Mayfair","british","https://images.unsplash.com/photo-1565299507177-b0ac66763828?w=1600&h=1200&fit=crop&crop=center&q=85&auto=format","unsplash","Generic stock photo"
"Corrigan's Mayfair","british","https://images.unsplash.com/photo-1551218808-93d42e57582b?w=1600&h=1200&fit=crop&crop=center&q=85&auto=format","unsplash","Generic stock photo"
"Hakkasan","british","https://images.unsplash.com/photo-1563379091339-03246963d4d8?w=1600&h=1200&fit=crop&crop=center&q=85&auto=format","unsplash","Generic stock photo"
"Bluebird Chelsea","british","https://images.unsplash.com/photo-1571091718767-18b5b1457add?w=1600&h=1200&fit=crop&crop=center&q=85&auto=format","unsplash","Generic stock photo"
"The Chelsea Corner","british","https://images.unsplash.com/photo-1585937421612-70a008356fbe?w=1600&h=1200&fit=crop&crop=center&q=85&auto=format","unsplash","Generic stock photo"
"No. Fifty Cheyne","british","https://images.unsplash.com/photo-1565299507177-b0ac66763828?w=1600&h=1200&fit=crop&crop=center&q=85&auto=format","unsplash","Generic stock photo"
"Granger & Co. Chelsea","british","https://images.unsplash.com/photo-1551218808-93d42e57582b?w=1600&h=1200&fit=crop&crop=center&q=85&auto=format","unsplash","Generic stock photo"
"The Cadogan Arms","british","https://images.unsplash.com/photo-1563379091339-03246963d4d8?w=1600&h=1200&fit=crop&crop=center&q=85&auto=format","unsplash","Generic stock photo"
"Baba Restaurant Chelsea","british","https://images.unsplash.com/photo-1571091718767-18b5b1457add?w=1600&h=1200&fit=crop&crop=center&q=85&auto=format","unsplash","Generic stock photo"
"Blacklock Covent Garden","british","https://images.unsplash.com/photo-1585937421612-70a008356fbe?w=1600&h=1200&fit=crop&crop=center&q=85&auto=format","unsplash","Generic stock photo"
"Da Mario Covent Garden","italian","https://images.unsplash.com/photo-1579725942050-c312f3b1f8d6?w=1600&h=1200&fit=crop&crop=center&q=85&auto=format","unsplash","Generic stock photo"
"Inamo Covent Garden","british","https://images.unsplash.com/photo-1565299507177-b0ac66763828?w=1600&h=1200&fit=crop&crop=center&q=85&auto=format","unsplash","Generic stock photo"
"Cora Pearl","british","https://images.unsplash.com/photo-1551218808-93d42e57582b?w=1600&h=1200&fit=crop&crop=center&q=85&auto=format","unsplash","Generic stock photo"
"Osteria Napoletana","italian","https://images.unsplash.com/photo-1551218808-93d42e57582b?w=1600&h=1200&fit=crop&crop=center&q=85&auto=format","unsplash","Generic stock photo"
"Granger and Co. Notting Hill","british","https://images.unsplash.com/photo-1563379091339-03246963d4d8?w=1600&h=1200&fit=crop&crop=center&q=85&auto=format","unsplash","Generic stock photo"
"Gold","british","https://images.unsplash.com/photo-1571091718767-18b5b1457add?w=1600&h=1200&fit=crop&crop=center&q=85&auto=format","unsplash","Generic stock photo"
"LUSH & HUSH","british","https://images.unsplash.com/photo-1585937421612-70a008356fbe?w=1600&h=1200&fit=crop&crop=center&q=85&auto=format","unsplash","Generic stock photo"
"The Barbary Notting Hill","british","https://images.unsplash.com/photo-1565299507177-b0ac66763828?w=1600&h=1200&fit=crop&crop=center&q=85&auto=format","unsplash","Generic stock photo"
"Taqueria - Notting Hill","mexican","https://images.unsplash.com/photo-1565299585323-38174c4aab98?w=1600&h=1200&fit=crop&crop=center&q=85&auto=format","unsplash","Generic stock photo"
"Andy’s Greek Taverna","modern-european","https://images.unsplash.com/photo-1563379091339-03246963d4d8?w=1600&h=1200&fit=crop&crop=center&q=85&auto=format","unsplash","Generic stock photo"
"The Blues Kitchen Camden","british","https://images.unsplash.com/photo-1551218808-93d42e57582b?w=1600&h=1200&fit=crop&crop=center&q=85&auto=format","unsplash","Generic stock photo"
"Daphne Restaurant","british","https://images.unsplash.com/photo-1563379091339-03246963d4d8?w=1600&h=1200&fit=crop&crop=center&q=85&auto=format","unsplash","Generic stock photo"
"La Patagonia","british","https://images.unsplash.com/photo-1571091718767-18b5b1457add?w=1600&h=1200&fit=crop&crop=center&q=85&auto=format","unsplash","Generic stock photo"
"Jamon Jamon","british","https://images.unsplash.com/photo-1585937421612-70a008356fbe?w=1600&h=1200&fit=crop&crop=center&q=85&auto=format","unsplash","Generic stock photo"
"Purezza Camden","british","https://images.unsplash.com/photo-1565299507177-b0ac66763828?w=1600&h=1200&fit=crop&crop=center&q=85&auto=format","unsplash","Generic stock photo"
"Frida Camden","mexican","https://images.unsplash.com/photo-1565299624946-b28f40a0ca4b?w=1600&h=1200&fit=crop&crop=center&q=85&auto=format","unsplash","Generic stock photo"
"Band of Burgers, Camden","british","https://images.unsplash.com/photo-1551218808-93d42e57582b?w=1600&h=1200&fit=crop&crop=center&q=85&auto=format","unsplash","Generic stock photo"
"Made in Brasil","british","https://images.unsplash.com/photo-1563379091339-03246963d4d8?w=1600&h=1200&fit=crop&crop=center&q=85&auto=format","unsplash","Generic stock photo"
"Brother Marcus Canary Wharf","british","https://images.unsplash.com/photo-1571091718767-18b5b1457add?w=1600&h=1200&fit=crop&crop=center&q=85&auto=format","unsplash","Generic stock photo"
"Barbarella","british","https://images.unsplash.com/photo-1585937421612-70a008356fbe?w=1600&h=1200&fit=crop&crop=center&q=85&auto=format","unsplash","Generic stock photo"
"Gaucho Canary Wharf","british","https://images.unsplash.com/photo-1565299507177-b0ac66763828?w=1600&h=1200&fit=crop&crop=center&q=85&auto=format","unsplash","Generic stock photo"
"Blacklock Canary Wharf","british","https://images.unsplash.com/photo-1551218808-93d42e57582b?w=1600&h=1200&fit=crop&crop=center&q=85&auto=format","unsplash","Generic stock photo"
"Brera Lounge","british","https://images.unsplash.com/photo-1563379091339-03246963d4d8?w=1600&h=1200&fit=crop&crop=center&q=85&auto=format","unsplash","Generic stock photo"
"Six by Nico Canary Wharf","british","https://images.unsplash.com/photo-1571091718767-18b5b1457add?w=1600&h=1200&fit=crop&crop=center&q=85&auto=format","unsplash","Generic stock photo"
"Amerigo Vespucci","british","https://images.unsplash.com/photo-1585937421612-70a008356fbe?w=1600&h=1200&fit=crop&crop=center&q=85&auto=format","unsplash","Generic stock photo"
"Efes Restaurant (Whitechapel)","turkish","https://images.unsplash.com/photo-1565299585323-38174c4aab98?w=1600&h=1200&fit=crop&crop=center&q=85&auto=format","unsplash","Generic stock photo"
"Sahara Grill Whitechapel","modern-european","https://images.unsplash.com/photo-1551218808-93d42e57582b?w=1600&h=1200&fit=crop&crop=center&q=85&auto=format","unsplash","Generic stock photo"
"Mr. White’s English Chophouse London Whitechapel","modern-european","https://images.unsplash.com/photo-1565299507177-b0ac66763828?w=1600&h=1200&fit=crop&crop=center&q=85&auto=format","unsplash","Generic stock photo"
"Hotto Potto","british","https://images.unsplash.com/photo-1565299507177-b0ac66763828?w=1600&h=1200&fit=crop&crop=center&q=85&auto=format","unsplash","Generic stock photo"
"Bocca In Cielo","british","https://images.unsplash.com/photo-1551218808-93d42e57582b?w=1600&h=1200&fit=crop&crop=center&q=85&auto=format","unsplash","Generic stock photo"
"Rasoi Ghar","british","https://images.unsplash.com/photo-1563379091339-03246963d4d8?w=1600&h=1200&fit=crop&crop=center&q=85&auto=format","unsplash","Generic stock photo"
"Lahore Kebab House","british","https://images.unsplash.com/photo-1571091718767-18b5b1457add?w=1600&h=1200&fit=crop&crop=center&q=85&auto=format","unsplash","Generic stock photo"
"Du'aa Diner","british","https://images.unsplash.com/photo-1585937421612-70a008356fbe?w=1600&h=1200&fit=crop&crop=center&q=85&auto=format","unsplash","Generic stock photo"
"Tayyabs","british","https://images.unsplash.com/photo-1565299507177-b0ac66763828?w=1600&h=1200&fit=crop&crop=center&q=85&auto=format","unsplash","Generic stock photo"
"Dilpasand Restaurant","british","https://images.unsplash.com/photo-1551218808-93d42e57582b?w=1600&h=1200&fit=crop&crop=center&q=85&auto=format","unsplash","Generic stock photo"
"Babel Grill House","british","https://images.unsplash.com/photo-1563379091339-03246963d4d8?w=1600&h=1200&fit=crop&crop=center&q=85&auto=format","unsplash","Generic stock photo"
"DanDan Aldgate East","modern-european","https://images.unsplash.com/photo-1571091718767-18b5b1457add?w=1600&h=1200&fit=crop&crop=center&q=85&auto=format","unsplash","Generic stock photo"
"Janna Cafe","british","https://images.unsplash.com/photo-1571091718767-18b5b1457add?w=1600&h=1200&fit=crop&crop=center&q=85&auto=format","unsplash","Generic stock photo"
"Halal Restaurant","turkish","https://images.unsplash.com/photo-1551782450-a2132b4ba21d?w=1600&h=1200&fit=crop&crop=center&q=85&auto=format","unsplash","Generic stock photo"
"Grounded London","british","https://images.unsplash.com/photo-1585937421612-70a008356fbe?w=1600&h=1200&fit=crop&crop=center&q=85&auto=format","unsplash","Generic stock photo"
"Hichki Indian Restaurant","indian","https://images.unsplash.com/photo-1565299624946-b28f40a0ca4b?w=1600&h=1200&fit=crop&crop=center&q=85&auto=format","unsplash","Generic stock photo"
"Sylhet Nights","british","https://images.unsplash.com/photo-1565299507177-b0ac66763828?w=1600&h=1200&fit=crop&crop=center&q=85&auto=format","unsplash","Generic stock photo"
"Dragon's Den Oriental Kitchen","chinese","https://images.unsplash.com/photo-1582234371722-52744610f90e?w=1600&h=1200&fit=crop&crop=center&q=85&auto=format","unsplash","Generic stock photo"
"Naan Staap®","british","https://images.unsplash.com/photo-1551218808-93d42e57582b?w=1600&h=1200&fit=crop&crop=center&q=85&auto=format","unsplash","Generic stock photo"
"Baristas Lounge","british","https://images.unsplash.com/photo-1563379091339-03246963d4d8?w=1600&h=1200&fit=crop&crop=center&q=85&auto=format","unsplash","Generic stock photo"
"Madina Grill","british","https://images.unsplash.com/photo-1571091718767-18b5b1457add?w=1600&h=1200&fit=crop&crop=center&q=85&auto=format","unsplash","Generic stock photo"
"Shahs Halal Food Shadwell","indian","https://images.unsplash.com/photo-1571091718767-18b5b1457add?w=1600&h=1200&fit=crop&crop=center&q=85&auto=format","unsplash","Generic stock photo"
"Zaiqa London","british","https://images.unsplash.com/photo-1585937421612-70a008356fbe?w=1600&h=1200&fit=crop&crop=center&q=85&auto=format","unsplash","Generic stock photo"
"Shahs Halal Food Whitechapel","indian","https://images.unsplash.com/photo-1585937421612-70a008356fbe?w=1600&h=1200&fit=crop&crop=center&q=85&auto=format","unsplash","Generic stock photo"
"Baraka Eatery London","british","https://images.unsplash.com/photo-1565299507177-b0ac66763828?w=1600&h=1200&fit=crop&crop=center&q=85&auto=format","unsplash","Generic stock photo"
"Maedah Grill","british","https://images.unsplash.com/photo-1551218808-93d42e57582b?w=1600&h=1200&fit=crop&crop=center&q=85&auto=format","unsplash","Generic stock photo"
"Grill Guys","british","https://images.unsplash.com/photo-1563379091339-03246963d4d8?w=1600&h=1200&fit=crop&crop=center&q=85&auto=format","unsplash","Generic stock photo"
"Madison Steak & Grill","british","https://images.unsplash.com/photo-1571091718767-18b5b1457add?w=1600&h=1200&fit=crop&crop=center&q=85&auto=format","unsplash","Generic stock photo"
"Haweli Restaurant ® Ilford","indian","https://images.unsplash.com/photo-1563379091339-03246963d4d8?w=1600&h=1200&fit=crop&crop=center&q=85&auto=format","unsplash","Generic stock photo"
"Enigma Pan Asian","modern-european","https://images.unsplash.com/photo-1585937421612-70a008356fbe?w=1600&h=1200&fit=crop&crop=center&q=85&auto=format","unsplash","Generic stock photo"
"Wah Bey","modern-european","https://images.unsplash.com/photo-1563379091339-03246963d4d8?w=1600&h=1200&fit=crop&crop=center&q=85&auto=format","unsplash","Generic stock photo"
"Monal Restaurant London","modern-european","https://images.unsplash.com/photo-1551218808-93d42e57582b?w=1600&h=1200&fit=crop&crop=center&q=85&auto=format","unsplash","Generic stock photo"
"Royal Nawaab Ilford","indian","https://images.unsplash.com/photo-1551218808-93d42e57582b?w=1600&h=1200&fit=crop&crop=center&q=85&auto=format","unsplash","Generic stock photo"
"Hyderabad Darbar","indian","https://images.unsplash.com/photo-1565299624946-b28f40a0ca4b?w=1600&h=1200&fit=crop&crop=center&q=85&auto=format","unsplash","Generic stock photo"
"Punjab Grill Lounge","indian","https://images.unsplash.com/photo-1571091718767-18b5b1457add?w=1600&h=1200&fit=crop&crop=center&q=85&auto=format","unsplash","Generic stock photo"
"Tawa Grill","indian","https://images.unsplash.com/photo-1585937421612-70a008356fbe?w=1600&h=1200&fit=crop&crop=center&q=85&auto=format","unsplash","Generic stock photo"
"The Connaught","british","https://images.unsplash.com/photo-1585937421612-70a008356fbe?w=1600&h=1200&fit=crop&crop=center&q=85&auto=format","unsplash","Generic stock photo"
"Nosh","british","https://images.unsplash.com/photo-1565299507177-b0ac66763828?w=1600&h=1200&fit=crop&crop=center&q=85&auto=format","unsplash","Generic stock photo"
"Banana Leaf","modern-european","https://images.unsplash.com/photo-1565299507177-b0ac66763828?w=1600&h=1200&fit=crop&crop=center&q=85&auto=format","unsplash","Generic stock photo"
"Zamana","modern-european","https://images.unsplash.com/photo-1571091718767-18b5b1457add?w=1600&h=1200&fit=crop&crop=center&q=85&auto=format","unsplash","Generic stock photo"
"Meat Street","british","https://images.unsplash.com/photo-1551218808-93d42e57582b?w=1600&h=1200&fit=crop&crop=center&q=85&auto=format","unsplash","Generic stock photo"
"restaurant favorit","british","https://images.unsplash.com/photo-1563379091339-03246963d4d8?w=1600&h=1200&fit=crop&crop=center&q=85&auto=format","unsplash","Generic stock photo"
"Manjaros Restaurant Ilford","indian","https://images.unsplash.com/photo-1563379091339-03246963d4d8?w=1600&h=1200&fit=crop&crop=center&q=85&auto=format","unsplash","Generic stock photo"
"Singam Bay","modern-european","https://images.unsplash.com/photo-1585937421612-70a008356fbe?w=1600&h=1200&fit=crop&crop=center&q=85&auto=format","unsplash","Generic stock photo"
"Zahra Grill Restaurant","modern-european","https://images.unsplash.com/photo-1563379091339-03246963d4d8?w=1600&h=1200&fit=crop&crop=center&q=85&auto=format","unsplash","Generic stock photo"
"Kahani","modern-european","https://images.unsplash.com/photo-1551218808-93d42e57582b?w=1600&h=1200&fit=crop&crop=center&q=85&auto=format","unsplash","Generic stock photo"
"Saffron Street","modern-european","https://images.unsplash.com/photo-1565299507177-b0ac66763828?w=1600&h=1200&fit=crop&crop=center&q=85&auto=format","unsplash","Generic stock photo"
"Jilani Curry & Grill Restaurant","indian","https://images.unsplash.com/photo-1551218808-93d42e57582b?w=1600&h=1200&fit=crop&crop=center&q=85&auto=format","unsplash","Generic stock photo"
"Sahara Grill","modern-european","https://images.unsplash.com/photo-1571091718767-18b5b1457add?w=1600&h=1200&fit=crop&crop=center&q=85&auto=format","unsplash","Generic stock photo"
"Shah's Halal Food Ilford","turkish","https://images.unsplash.com/photo-1548940740-204726a115ae?w=1600&h=1200&fit=crop&crop=center&q=85&auto=format","unsplash","Generic stock photo"
"Naan Staap®","british","https://images.unsplash.com/photo-1571091718767-18b5b1457add?w=1600&h=1200&fit=crop&crop=center&q=85&auto=format","unsplash","Generic stock photo"
"PHAT BITE Ilford","modern-european","https://images.unsplash.com/photo-1585937421612-70a008356fbe?w=1600&h=1200&fit=crop&crop=center&q=85&auto=format","unsplash","Generic stock photo"
"Watan - Afghan & Pakistani Restaurant Ilford","modern-european","https://images.unsplash.com/photo-1563379091339-03246963d4d8?w=1600&h=1200&fit=crop&crop=center&q=85&auto=format","unsplash","Generic stock photo"
"Spice Khazana","indian","https://images.unsplash.com/photo-1565299624946-b28f40a0ca4b?w=1600&h=1200&fit=crop&crop=center&q=85&auto=format","unsplash","Generic stock photo"
"Sultan","indian","https://images.unsplash.com/photo-1571091718767-18b5b1457add?w=1600&h=1200&fit=crop&crop=center&q=85&auto=format","unsplash","Generic stock photo"
"Colony Restaurant","indian","https://images.unsplash.com/photo-1585937421612-70a008356fbe?w=1600&h=1200&fit=crop&crop=center&q=85&auto=format","unsplash","Generic stock photo"
"Franzos Ilford","british","https://images.unsplash.com/photo-1585937421612-70a008356fbe?w=1600&h=1200&fit=crop&crop=center&q=85&auto=format","unsplash","Generic stock photo"
"Naan Staap","british","https://images.unsplash.com/photo-1565299507177-b0ac66763828?w=1600&h=1200&fit=crop&crop=center&q=85&auto=format","unsplash","Generic stock photo"
"Grill House","british","https://images.unsplash.com/photo-1551218808-93d42e57582b?w=1600&h=1200&fit=crop&crop=center&q=85&auto=format","unsplash","Generic stock photo"
"Paradise Romford","british","https://images.unsplash.com/photo-1563379091339-03246963d4d8?w=1600&h=1200&fit=crop&crop=center&q=85&auto=format","unsplash","Generic stock photo"
"Array Brasserie & Grill","modern-european","https://images.unsplash.com/photo-1551218808-93d42e57582b?w=1600&h=1200&fit=crop&crop=center&q=85&auto=format","unsplash","Generic stock photo"
"Neyzen Restaurant and Pods","british","https://images.unsplash.com/photo-1571091718767-18b5b1457add?w=1600&h=1200&fit=crop&crop=center&q=85&auto=format","unsplash","Generic stock photo"
"Turtle Bay Romford","british","https://images.unsplash.com/photo-1585937421612-70a008356fbe?w=1600&h=1200&fit=crop&crop=center&q=85&auto=format","unsplash","Generic stock photo"
"Ciao Bella","british","https://images.unsplash.com/photo-1565299507177-b0ac66763828?w=1600&h=1200&fit=crop&crop=center&q=85&auto=format","unsplash","Generic stock photo"
"Braza Churrascaria Rodizio","british","https://images.unsplash.com/photo-1551218808-93d42e57582b?w=1600&h=1200&fit=crop&crop=center&q=85&auto=format","unsplash","Generic stock photo"
"Mangal Meze Restaurant","modern-european","https://images.unsplash.com/photo-1565299507177-b0ac66763828?w=1600&h=1200&fit=crop&crop=center&q=85&auto=format","unsplash","Generic stock photo"
"Blue Orchid","british","https://images.unsplash.com/photo-1563379091339-03246963d4d8?w=1600&h=1200&fit=crop&crop=center&q=85&auto=format","unsplash","Generic stock photo"
"Ivy Tree","british","https://images.unsplash.com/photo-1571091718767-18b5b1457add?w=1600&h=1200&fit=crop&crop=center&q=85&auto=format","unsplash","Generic stock photo"
"Meteor Meze & Grill Restaurant","modern-european","https://images.unsplash.com/photo-1571091718767-18b5b1457add?w=1600&h=1200&fit=crop&crop=center&q=85&auto=format","unsplash","Generic stock photo"
"COSMO World Buffet Romford","british","https://images.unsplash.com/photo-1585937421612-70a008356fbe?w=1600&h=1200&fit=crop&crop=center&q=85&auto=format","unsplash","Generic stock photo"
"Roosters Piri Piri","british","https://images.unsplash.com/photo-1565299507177-b0ac66763828?w=1600&h=1200&fit=crop&crop=center&q=85&auto=format","unsplash","Generic stock photo"
"Minoa Restaurant","british","https://images.unsplash.com/photo-1551218808-93d42e57582b?w=1600&h=1200&fit=crop&crop=center&q=85&auto=format","unsplash","Generic stock photo"
"Veyso's Romford Restaurant","british","https://images.unsplash.com/photo-1563379091339-03246963d4d8?w=1600&h=1200&fit=crop&crop=center&q=85&auto=format","unsplash","Generic stock photo"
"Sunrise Lutong Bahay","british","https://images.unsplash.com/photo-1571091718767-18b5b1457add?w=1600&h=1200&fit=crop&crop=center&q=85&auto=format","unsplash","Generic stock photo"
"The Yummy Greek","modern-european","https://images.unsplash.com/photo-1585937421612-70a008356fbe?w=1600&h=1200&fit=crop&crop=center&q=85&auto=format","unsplash","Generic stock photo"
"Tilaw","british","https://images.unsplash.com/photo-1585937421612-70a008356fbe?w=1600&h=1200&fit=crop&crop=center&q=85&auto=format","unsplash","Generic stock photo"
"wagamama romford","british","https://images.unsplash.com/photo-1565299507177-b0ac66763828?w=1600&h=1200&fit=crop&crop=center&q=85&auto=format","unsplash","Generic stock photo"
"CREM Kitchen","british","https://images.unsplash.com/photo-1551218808-93d42e57582b?w=1600&h=1200&fit=crop&crop=center&q=85&auto=format","unsplash","Generic stock photo"
"Shish LEGENDS Fusion Turkish Meze","modern-european","https://images.unsplash.com/photo-1563379091339-03246963d4d8?w=1600&h=1200&fit=crop&crop=center&q=85&auto=format","unsplash","Generic stock photo"
"Flippin Grill","british","https://images.unsplash.com/photo-1563379091339-03246963d4d8?w=1600&h=1200&fit=crop&crop=center&q=85&auto=format","unsplash","Generic stock photo"
"Kervan Kitchen Gidea Park","turkish","https://images.unsplash.com/photo-1504674900247-087700f998c5?w=1600&h=1200&fit=crop&crop=center&q=85&auto=format","unsplash","Generic stock photo"
"MyShish Romford","modern-european","https://images.unsplash.com/photo-1551218808-93d42e57582b?w=1600&h=1200&fit=crop&crop=center&q=85&auto=format","unsplash","Generic stock photo"
"Shahs Halal Food Romford Road","indian","https://images.unsplash.com/photo-1563379091339-03246963d4d8?w=1600&h=1200&fit=crop&crop=center&q=85&auto=format","unsplash","Generic stock photo"
"Lara Grill","british","https://images.unsplash.com/photo-1571091718767-18b5b1457add?w=1600&h=1200&fit=crop&crop=center&q=85&auto=format","unsplash","Generic stock photo"
"Bekash Restaurant & Take Away","british","https://images.unsplash.com/photo-1585937421612-70a008356fbe?w=1600&h=1200&fit=crop&crop=center&q=85&auto=format","unsplash","Generic stock photo"
"Stack & Sizzle","british","https://images.unsplash.com/photo-1565299507177-b0ac66763828?w=1600&h=1200&fit=crop&crop=center&q=85&auto=format","unsplash","Generic stock photo"
"Kervan Saray","turkish","https://images.unsplash.com/photo-1574071318508-1cdbab80d002?w=1600&h=1200&fit=crop&crop=center&q=85&auto=format","unsplash","Generic stock photo"
"Chef Asia","british","https://images.unsplash.com/photo-1551218808-93d42e57582b?w=1600&h=1200&fit=crop&crop=center&q=85&auto=format","unsplash","Generic stock photo"
"Yebaba Levantine Kitchen","british","https://images.unsplash.com/photo-1563379091339-03246963d4d8?w=1600&h=1200&fit=crop&crop=center&q=85&auto=format","unsplash","Generic stock photo"
"Nasi Isda® Romford","british","https://images.unsplash.com/photo-1571091718767-18b5b1457add?w=1600&h=1200&fit=crop&crop=center&q=85&auto=format","unsplash","Generic stock photo"
"Ottomans","turkish","https://images.unsplash.com/photo-1565299585323-38174c4aab98?w=1600&h=1200&fit=crop&crop=center&q=85&auto=format","unsplash","Generic stock photo"
"Kasiba Lounge and Restaurant","turkish","https://images.unsplash.com/photo-1551782450-a2132b4ba21d?w=1600&h=1200&fit=crop&crop=center&q=85&auto=format","unsplash","Generic stock photo"
"Bread Street Kitchen, Bar & Rooftop - Stratford","british","https://images.unsplash.com/photo-1585937421612-70a008356fbe?w=1600&h=1200&fit=crop&crop=center&q=85&auto=format","unsplash","Generic stock photo"
"Kokin Restaurant","british","https://images.unsplash.com/photo-1565299507177-b0ac66763828?w=1600&h=1200&fit=crop&crop=center&q=85&auto=format","unsplash","Generic stock photo"
"HERA","british","https://images.unsplash.com/photo-1551218808-93d42e57582b?w=1600&h=1200&fit=crop&crop=center&q=85&auto=format","unsplash","Generic stock photo"
"FIGO Stratford","british","https://images.unsplash.com/photo-1563379091339-03246963d4d8?w=1600&h=1200&fit=crop&crop=center&q=85&auto=format","unsplash","Generic stock photo"
"Bamboo-Mat Stratford","british","https://images.unsplash.com/photo-1571091718767-18b5b1457add?w=1600&h=1200&fit=crop&crop=center&q=85&auto=format","unsplash","Generic stock photo"
"Union Social","british","https://images.unsplash.com/photo-1585937421612-70a008356fbe?w=1600&h=1200&fit=crop&crop=center&q=85&auto=format","unsplash","Generic stock photo"
"Lokma Westfield","turkish","https://images.unsplash.com/photo-1548940740-204726a115ae?w=1600&h=1200&fit=crop&crop=center&q=85&auto=format","unsplash","Generic stock photo"
"Elondi Restaurant, Bar and Terrace","british","https://images.unsplash.com/photo-1565299507177-b0ac66763828?w=1600&h=1200&fit=crop&crop=center&q=85&auto=format","unsplash","Generic stock photo"
"STK Steakhouse – Stratford","british","https://images.unsplash.com/photo-1551218808-93d42e57582b?w=1600&h=1200&fit=crop&crop=center&q=85&auto=format","unsplash","Generic stock photo"
"Darkhorse Restaurant Bar","british","https://images.unsplash.com/photo-1563379091339-03246963d4d8?w=1600&h=1200&fit=crop&crop=center&q=85&auto=format","unsplash","Generic stock photo"
"Mezban stratford","british","https://images.unsplash.com/photo-1571091718767-18b5b1457add?w=1600&h=1200&fit=crop&crop=center&q=85&auto=format","unsplash","Generic stock photo"
"Big Easy Bar.B.Q & Crabshack - Westfield, Stratford","british","https://images.unsplash.com/photo-1585937421612-70a008356fbe?w=1600&h=1200&fit=crop&crop=center&q=85&auto=format","unsplash","Generic stock photo"
"ZUZU BISTRO BAR","british","https://images.unsplash.com/photo-1565299507177-b0ac66763828?w=1600&h=1200&fit=crop&crop=center&q=85&auto=format","unsplash","Generic stock photo"
"Busaba Westfield Stratford","thai","https://images.unsplash.com/photo-1563379091339-03246963d4d8?w=1600&h=1200&fit=crop&crop=center&q=85&auto=format","unsplash","Generic stock photo"
"XIX Nineteen","british","https://images.unsplash.com/photo-1551218808-93d42e57582b?w=1600&h=1200&fit=crop&crop=center&q=85&auto=format","unsplash","Generic stock photo"
"Kitchen E20","british","https://images.unsplash.com/photo-1563379091339-03246963d4d8?w=1600&h=1200&fit=crop&crop=center&q=85&auto=format","unsplash","Generic stock photo"
"Wahaca Stratford","mexican","https://images.unsplash.com/photo-1571091718767-18b5b1457add?w=1600&h=1200&fit=crop&crop=center&q=85&auto=format","unsplash","Generic stock photo"
"Santi","british","https://images.unsplash.com/photo-1571091718767-18b5b1457add?w=1600&h=1200&fit=crop&crop=center&q=85&auto=format","unsplash","Generic stock photo"
"The Grill Stratford","british","https://images.unsplash.com/photo-1585937421612-70a008356fbe?w=1600&h=1200&fit=crop&crop=center&q=85&auto=format","unsplash","Generic stock photo"
"THE FAT CRAB STRATFORD","british","https://images.unsplash.com/photo-1565299507177-b0ac66763828?w=1600&h=1200&fit=crop&crop=center&q=85&auto=format","unsplash","Generic stock photo"
"Master Bao - Westfield Stratford City","japanese","https://images.unsplash.com/photo-1505253716362-af3e789f8724?w=1600&h=1200&fit=crop&crop=center&q=85&auto=format","unsplash","Generic stock photo"
"Aroma Authentic Dum Biriyani","indian","https://images.unsplash.com/photo-1551218808-93d42e57582b?w=1600&h=1200&fit=crop&crop=center&q=85&auto=format","unsplash","Generic stock photo"
"Indi-go Rasoi Westfield Stratford","indian","https://images.unsplash.com/photo-1565299624946-b28f40a0ca4b?w=1600&h=1200&fit=crop&crop=center&q=85&auto=format","unsplash","Generic stock photo"
"Cafe Rasa Malaysia","british","https://images.unsplash.com/photo-1551218808-93d42e57582b?w=1600&h=1200&fit=crop&crop=center&q=85&auto=format","unsplash","Generic stock photo"
"Al zayt Restaurant","british","https://images.unsplash.com/photo-1563379091339-03246963d4d8?w=1600&h=1200&fit=crop&crop=center&q=85&auto=format","unsplash","Generic stock photo"
"FAT CHEF (Authentic Indian Kitchen) Halal","indian","https://images.unsplash.com/photo-1571091718767-18b5b1457add?w=1600&h=1200&fit=crop&crop=center&q=85&auto=format","unsplash","Generic stock photo"
"HS & Co","british","https://images.unsplash.com/photo-1571091718767-18b5b1457add?w=1600&h=1200&fit=crop&crop=center&q=85&auto=format","unsplash","Generic stock photo"
"Steakout Stratford","british","https://images.unsplash.com/photo-1585937421612-70a008356fbe?w=1600&h=1200&fit=crop&crop=center&q=85&auto=format","unsplash","Generic stock photo"
"BABABOOM","british","https://images.unsplash.com/photo-1565299507177-b0ac66763828?w=1600&h=1200&fit=crop&crop=center&q=85&auto=format","unsplash","Generic stock photo"
"The Westbridge Restaurant","british","https://images.unsplash.com/photo-1551218808-93d42e57582b?w=1600&h=1200&fit=crop&crop=center&q=85&auto=format","unsplash","Generic stock photo"
"STAX Burgers - Westfield Stratford","british","https://images.unsplash.com/photo-1563379091339-03246963d4d8?w=1600&h=1200&fit=crop&crop=center&q=85&auto=format","unsplash","Generic stock photo"
"Tanjia Restaurant","turkish","https://images.unsplash.com/photo-1504674900247-087700f998c5?w=1600&h=1200&fit=crop&crop=center&q=85&auto=format","unsplash","Generic stock photo"
"Cabana","british","https://images.unsplash.com/photo-1571091718767-18b5b1457add?w=1600&h=1200&fit=crop&crop=center&q=85&auto=format","unsplash","Generic stock photo"
"Tripti's Thai Pie Stratford","thai","https://images.unsplash.com/photo-1548940740-204726a115ae?w=1600&h=1200&fit=crop&crop=center&q=85&auto=format","unsplash","Generic stock photo"
"The Solo Kitchen & Bar","british","https://images.unsplash.com/photo-1585937421612-70a008356fbe?w=1600&h=1200&fit=crop&crop=center&q=85&auto=format","unsplash","Generic stock photo"
"Fatto a Mano Bethnal Green","italian","https://images.unsplash.com/photo-1565299507177-b0ac66763828?w=1600&h=1200&fit=crop&crop=center&q=85&auto=format","unsplash","Generic stock photo"
"Maple Brunch Cafe","british","https://images.unsplash.com/photo-1565299507177-b0ac66763828?w=1600&h=1200&fit=crop&crop=center&q=85&auto=format","unsplash","Generic stock photo"
"Palmers Restaurant","british","https://images.unsplash.com/photo-1551218808-93d42e57582b?w=1600&h=1200&fit=crop&crop=center&q=85&auto=format","unsplash","Generic stock photo"
"BISTROTHEQUE","modern-european","https://images.unsplash.com/photo-1565299507177-b0ac66763828?w=1600&h=1200&fit=crop&crop=center&q=85&auto=format","unsplash","Generic stock photo"
"Arepa & Co Venezuelan Restaurant - Bethnal Green","british","https://images.unsplash.com/photo-1563379091339-03246963d4d8?w=1600&h=1200&fit=crop&crop=center&q=85&auto=format","unsplash","Generic stock photo"
"Restaurant Elis","british","https://images.unsplash.com/photo-1571091718767-18b5b1457add?w=1600&h=1200&fit=crop&crop=center&q=85&auto=format","unsplash","Generic stock photo"
"OMBRA","british","https://images.unsplash.com/photo-1585937421612-70a008356fbe?w=1600&h=1200&fit=crop&crop=center&q=85&auto=format","unsplash","Generic stock photo"
"Desi Lounge","british","https://images.unsplash.com/photo-1565299507177-b0ac66763828?w=1600&h=1200&fit=crop&crop=center&q=85&auto=format","unsplash","Generic stock photo"
"Da Terra Restaurant","british","https://images.unsplash.com/photo-1551218808-93d42e57582b?w=1600&h=1200&fit=crop&crop=center&q=85&auto=format","unsplash","Generic stock photo"
"Brawn","british","https://images.unsplash.com/photo-1563379091339-03246963d4d8?w=1600&h=1200&fit=crop&crop=center&q=85&auto=format","unsplash","Generic stock photo"
"Mum Likes Thai Food (Bethnal Green)","thai","https://images.unsplash.com/photo-1565299624946-b28f40a0ca4b?w=1600&h=1200&fit=crop&crop=center&q=85&auto=format","unsplash","Generic stock photo"
"Cav","british","https://images.unsplash.com/photo-1571091718767-18b5b1457add?w=1600&h=1200&fit=crop&crop=center&q=85&auto=format","unsplash","Generic stock photo"
"Afghan Grill","british","https://images.unsplash.com/photo-1585937421612-70a008356fbe?w=1600&h=1200&fit=crop&crop=center&q=85&auto=format","unsplash","Generic stock photo"
"Taş Fırın Turkish Restaurant - Shoreditch","modern-european","https://images.unsplash.com/photo-1571091718767-18b5b1457add?w=1600&h=1200&fit=crop&crop=center&q=85&auto=format","unsplash","Generic stock photo"
"Princelyn (Nigerian Restaurant & Groceries)","british","https://images.unsplash.com/photo-1565299507177-b0ac66763828?w=1600&h=1200&fit=crop&crop=center&q=85&auto=format","unsplash","Generic stock photo"
"The Star of Bethnal Green","british","https://images.unsplash.com/photo-1551218808-93d42e57582b?w=1600&h=1200&fit=crop&crop=center&q=85&auto=format","unsplash","Generic stock photo"
"BRIQ","british","https://images.unsplash.com/photo-1563379091339-03246963d4d8?w=1600&h=1200&fit=crop&crop=center&q=85&auto=format","unsplash","Generic stock photo"
"Chaskaas","british","https://images.unsplash.com/photo-1571091718767-18b5b1457add?w=1600&h=1200&fit=crop&crop=center&q=85&auto=format","unsplash","Generic stock photo"
"Halal Street Kitchen","turkish","https://images.unsplash.com/photo-1574071318508-1cdbab80d002?w=1600&h=1200&fit=crop&crop=center&q=85&auto=format","unsplash","Generic stock photo"
"Purpleish","british","https://images.unsplash.com/photo-1585937421612-70a008356fbe?w=1600&h=1200&fit=crop&crop=center&q=85&auto=format","unsplash","Generic stock photo"
"Shah's Halal Food Cambridge Heath Hackney","turkish","https://images.unsplash.com/photo-1565299585323-38174c4aab98?w=1600&h=1200&fit=crop&crop=center&q=85&auto=format","unsplash","Generic stock photo"
"Andy's Burgers Mile End","british","https://images.unsplash.com/photo-1565299507177-b0ac66763828?w=1600&h=1200&fit=crop&crop=center&q=85&auto=format","unsplash","Generic stock photo"
"Mr Wong’s Wok & Box ️","modern-european","https://images.unsplash.com/photo-1585937421612-70a008356fbe?w=1600&h=1200&fit=crop&crop=center&q=85&auto=format","unsplash","Generic stock photo"
"Thai n Pie Stepney","thai","https://images.unsplash.com/photo-1571091718767-18b5b1457add?w=1600&h=1200&fit=crop&crop=center&q=85&auto=format","unsplash","Generic stock photo"
"Gansu Bethnal Green","chinese","https://images.unsplash.com/photo-1565299624946-b28f40a0ca4b?w=1600&h=1200&fit=crop&crop=center&q=85&auto=format","unsplash","Generic stock photo"
"Get Stuffed Stepney","british","https://images.unsplash.com/photo-1551218808-93d42e57582b?w=1600&h=1200&fit=crop&crop=center&q=85&auto=format","unsplash","Generic stock photo"
"Papi Restaurant","british","https://images.unsplash.com/photo-1563379091339-03246963d4d8?w=1600&h=1200&fit=crop&crop=center&q=85&auto=format","unsplash","Generic stock photo"
"DALLA","british","https://images.unsplash.com/photo-1571091718767-18b5b1457add?w=1600&h=1200&fit=crop&crop=center&q=85&auto=format","unsplash","Generic stock photo"
"Morito","british","https://images.unsplash.com/photo-1585937421612-70a008356fbe?w=1600&h=1200&fit=crop&crop=center&q=85&auto=format","unsplash","Generic stock photo"
"Rogues.","british","https://images.unsplash.com/photo-1565299507177-b0ac66763828?w=1600&h=1200&fit=crop&crop=center&q=85&auto=format","unsplash","Generic stock photo"
"Elliot’s - South Hackney","modern-european","https://images.unsplash.com/photo-1563379091339-03246963d4d8?w=1600&h=1200&fit=crop&crop=center&q=85&auto=format","unsplash","Generic stock photo"
"Cafe Cecilia","british","https://images.unsplash.com/photo-1551218808-93d42e57582b?w=1600&h=1200&fit=crop&crop=center&q=85&auto=format","unsplash","Generic stock photo"
"Angelina","british","https://images.unsplash.com/photo-1563379091339-03246963d4d8?w=1600&h=1200&fit=crop&crop=center&q=85&auto=format","unsplash","Generic stock photo"
"LARDO","british","https://images.unsplash.com/photo-1571091718767-18b5b1457add?w=1600&h=1200&fit=crop&crop=center&q=85&auto=format","unsplash","Generic stock photo"
"Shankeys","british","https://images.unsplash.com/photo-1585937421612-70a008356fbe?w=1600&h=1200&fit=crop&crop=center&q=85&auto=format","unsplash","Generic stock photo"
"Narrow Kitchen","british","https://images.unsplash.com/photo-1565299507177-b0ac66763828?w=1600&h=1200&fit=crop&crop=center&q=85&auto=format","unsplash","Generic stock photo"
"Casa Fofó","italian","https://images.unsplash.com/photo-1571091718767-18b5b1457add?w=1600&h=1200&fit=crop&crop=center&q=85&auto=format","unsplash","Generic stock photo"
"Mama Restaurant London","british","https://images.unsplash.com/photo-1551218808-93d42e57582b?w=1600&h=1200&fit=crop&crop=center&q=85&auto=format","unsplash","Generic stock photo"
"Big Night Bar & Restaurant Hackney","british","https://images.unsplash.com/photo-1563379091339-03246963d4d8?w=1600&h=1200&fit=crop&crop=center&q=85&auto=format","unsplash","Generic stock photo"
"Planque","british","https://images.unsplash.com/photo-1571091718767-18b5b1457add?w=1600&h=1200&fit=crop&crop=center&q=85&auto=format","unsplash","Generic stock photo"
"Rao's Bar & Restaurant","british","https://images.unsplash.com/photo-1585937421612-70a008356fbe?w=1600&h=1200&fit=crop&crop=center&q=85&auto=format","unsplash","Generic stock photo"
"Mare Street Market","british","https://images.unsplash.com/photo-1565299507177-b0ac66763828?w=1600&h=1200&fit=crop&crop=center&q=85&auto=format","unsplash","Generic stock photo"
"Koya Japanese Restaurant Hackney","modern-european","https://images.unsplash.com/photo-1551218808-93d42e57582b?w=1600&h=1200&fit=crop&crop=center&q=85&auto=format","unsplash","Generic stock photo"
"The Alchemist Canary Wharf","british","https://images.unsplash.com/photo-1551218808-93d42e57582b?w=1600&h=1200&fit=crop&crop=center&q=85&auto=format","unsplash","Generic stock photo"
"Big Easy Bar.B.Q & Crabshack - Canary Wharf","british","https://images.unsplash.com/photo-1563379091339-03246963d4d8?w=1600&h=1200&fit=crop&crop=center&q=85&auto=format","unsplash","Generic stock photo"
"Caravan Canary Wharf Restaurant","british","https://images.unsplash.com/photo-1571091718767-18b5b1457add?w=1600&h=1200&fit=crop&crop=center&q=85&auto=format","unsplash","Generic stock photo"
"Oysteria","british","https://images.unsplash.com/photo-1585937421612-70a008356fbe?w=1600&h=1200&fit=crop&crop=center&q=85&auto=format","unsplash","Generic stock photo"
"Eggslut Canary Wharf","british","https://images.unsplash.com/photo-1565299507177-b0ac66763828?w=1600&h=1200&fit=crop&crop=center&q=85&auto=format","unsplash","Generic stock photo"
"Wahaca Canary Wharf","mexican","https://images.unsplash.com/photo-1585937421612-70a008356fbe?w=1600&h=1200&fit=crop&crop=center&q=85&auto=format","unsplash","Generic stock photo"
"Yolk","british","https://images.unsplash.com/photo-1551218808-93d42e57582b?w=1600&h=1200&fit=crop&crop=center&q=85&auto=format","unsplash","Generic stock photo"
"Smoke End Steakhouse","british","https://images.unsplash.com/photo-1563379091339-03246963d4d8?w=1600&h=1200&fit=crop&crop=center&q=85&auto=format","unsplash","Generic stock photo"
"Darling's Eatery","british","https://images.unsplash.com/photo-1571091718767-18b5b1457add?w=1600&h=1200&fit=crop&crop=center&q=85&auto=format","unsplash","Generic stock photo"
"The Bourbon","british","https://images.unsplash.com/photo-1585937421612-70a008356fbe?w=1600&h=1200&fit=crop&crop=center&q=85&auto=format","unsplash","Generic stock photo"
"Dead Pedro's - Mexican Kitchen at The Bow Bells","mexican","https://images.unsplash.com/photo-1563379091339-03246963d4d8?w=1600&h=1200&fit=crop&crop=center&q=85&auto=format","unsplash","Generic stock photo"
"Momlette","british","https://images.unsplash.com/photo-1565299507177-b0ac66763828?w=1600&h=1200&fit=crop&crop=center&q=85&auto=format","unsplash","Generic stock photo"
"Bibimbop Bow","korean","https://images.unsplash.com/photo-1563379091339-03246963d4d8?w=1600&h=1200&fit=crop&crop=center&q=85&auto=format","unsplash","Generic stock photo"
"The Angel of Bow Public House","british","https://images.unsplash.com/photo-1551218808-93d42e57582b?w=1600&h=1200&fit=crop&crop=center&q=85&auto=format","unsplash","Generic stock photo"
"Bow Grill","british","https://images.unsplash.com/photo-1563379091339-03246963d4d8?w=1600&h=1200&fit=crop&crop=center&q=85&auto=format","unsplash","Generic stock photo"
"Smoke & Pepper (Bow)","british","https://images.unsplash.com/photo-1571091718767-18b5b1457add?w=1600&h=1200&fit=crop&crop=center&q=85&auto=format","unsplash","Generic stock photo"
"Morgan Arms","british","https://images.unsplash.com/photo-1585937421612-70a008356fbe?w=1600&h=1200&fit=crop&crop=center&q=85&auto=format","unsplash","Generic stock photo"
"MILAGROS BOW","british","https://images.unsplash.com/photo-1565299507177-b0ac66763828?w=1600&h=1200&fit=crop&crop=center&q=85&auto=format","unsplash","Generic stock photo"
"Far East Kitchen","chinese","https://images.unsplash.com/photo-1571091718767-18b5b1457add?w=1600&h=1200&fit=crop&crop=center&q=85&auto=format","unsplash","Generic stock photo"
"Bun & Sum","british","https://images.unsplash.com/photo-1551218808-93d42e57582b?w=1600&h=1200&fit=crop&crop=center&q=85&auto=format","unsplash","Generic stock photo"
"Meat Up","british","https://images.unsplash.com/photo-1563379091339-03246963d4d8?w=1600&h=1200&fit=crop&crop=center&q=85&auto=format","unsplash","Generic stock photo"
"Buon Appetito","italian","https://images.unsplash.com/photo-1585937421612-70a008356fbe?w=1600&h=1200&fit=crop&crop=center&q=85&auto=format","unsplash","Generic stock photo"
"The Coborn","british","https://images.unsplash.com/photo-1571091718767-18b5b1457add?w=1600&h=1200&fit=crop&crop=center&q=85&auto=format","unsplash","Generic stock photo"
"The Pizza Room - Mile End","modern-european","https://images.unsplash.com/photo-1565299507177-b0ac66763828?w=1600&h=1200&fit=crop&crop=center&q=85&auto=format","unsplash","Generic stock photo"
"Rusty Bike Pub Mile End","british","https://images.unsplash.com/photo-1585937421612-70a008356fbe?w=1600&h=1200&fit=crop&crop=center&q=85&auto=format","unsplash","Generic stock photo"
"The Orange Room Lebanese Restaurant Mile End","modern-european","https://images.unsplash.com/photo-1571091718767-18b5b1457add?w=1600&h=1200&fit=crop&crop=center&q=85&auto=format","unsplash","Generic stock photo"
"Afrikana Restaurant Mile End","british","https://images.unsplash.com/photo-1565299507177-b0ac66763828?w=1600&h=1200&fit=crop&crop=center&q=85&auto=format","unsplash","Generic stock photo"
"The Victoria","british","https://images.unsplash.com/photo-1551218808-93d42e57582b?w=1600&h=1200&fit=crop&crop=center&q=85&auto=format","unsplash","Generic stock photo"
"Mile End Pizza and Kebab","modern-european","https://images.unsplash.com/photo-1585937421612-70a008356fbe?w=1600&h=1200&fit=crop&crop=center&q=85&auto=format","unsplash","Generic stock photo"
"Tacosmash Mile End","mexican","https://images.unsplash.com/photo-1565299585323-38174c4aab98?w=1600&h=1200&fit=crop&crop=center&q=85&auto=format","unsplash","Generic stock photo"
"Ariana Restaurant LONDON","british","https://images.unsplash.com/photo-1563379091339-03246963d4d8?w=1600&h=1200&fit=crop&crop=center&q=85&auto=format","unsplash","Generic stock photo"
"Mile End Sandwich Bar","british","https://images.unsplash.com/photo-1571091718767-18b5b1457add?w=1600&h=1200&fit=crop&crop=center&q=85&auto=format","unsplash","Generic stock photo"
"Simply Smashed - Quality Smash Burgers","british","https://images.unsplash.com/photo-1585937421612-70a008356fbe?w=1600&h=1200&fit=crop&crop=center&q=85&auto=format","unsplash","Generic stock photo"
"WNGZ Mile End (Chicken Wings, Burgers, Cheesy chips)","british","https://images.unsplash.com/photo-1565299507177-b0ac66763828?w=1600&h=1200&fit=crop&crop=center&q=85&auto=format","unsplash","Generic stock photo"
"The Coffee Room - Mile End","british","https://images.unsplash.com/photo-1551218808-93d42e57582b?w=1600&h=1200&fit=crop&crop=center&q=85&auto=format","unsplash","Generic stock photo"
"Nando's Mile End","british","https://images.unsplash.com/photo-1563379091339-03246963d4d8?w=1600&h=1200&fit=crop&crop=center&q=85&auto=format","unsplash","Generic stock photo"
"Damal","british","https://images.unsplash.com/photo-1571091718767-18b5b1457add?w=1600&h=1200&fit=crop&crop=center&q=85&auto=format","unsplash","Generic stock photo"
"FoodComa","modern-european","https://images.unsplash.com/photo-1563379091339-03246963d4d8?w=1600&h=1200&fit=crop&crop=center&q=85&auto=format","unsplash","Generic stock photo"
"King’s Flavour Mile End","modern-european","https://images.unsplash.com/photo-1551218808-93d42e57582b?w=1600&h=1200&fit=crop&crop=center&q=85&auto=format","unsplash","Generic stock photo"
"Rose Peri Peri Grill","british","https://images.unsplash.com/photo-1585937421612-70a008356fbe?w=1600&h=1200&fit=crop&crop=center&q=85&auto=format","unsplash","Generic stock photo"
"Suite 85 Grill","british","https://images.unsplash.com/photo-1565299507177-b0ac66763828?w=1600&h=1200&fit=crop&crop=center&q=85&auto=format","unsplash","Generic stock photo"
"Las Iguanas - London - Stratford Westfield","british","https://images.unsplash.com/photo-1551218808-93d42e57582b?w=1600&h=1200&fit=crop&crop=center&q=85&auto=format","unsplash","Generic stock photo"
"Shoryu Westfield Stratford City","japanese","https://images.unsplash.com/photo-1565299624946-b28f40a0ca4b?w=1600&h=1200&fit=crop&crop=center&q=85&auto=format","unsplash","Generic stock photo"
"BBQ Express - Stratford","british","https://images.unsplash.com/photo-1563379091339-03246963d4d8?w=1600&h=1200&fit=crop&crop=center&q=85&auto=format","unsplash","Generic stock photo"
"Hardies Peri Peri","british","https://images.unsplash.com/photo-1571091718767-18b5b1457add?w=1600&h=1200&fit=crop&crop=center&q=85&auto=format","unsplash","Generic stock photo"
"SMASH","british","https://images.unsplash.com/photo-1585937421612-70a008356fbe?w=1600&h=1200&fit=crop&crop=center&q=85&auto=format","unsplash","Generic stock photo"
"Slice of Meat","british","https://images.unsplash.com/photo-1565299507177-b0ac66763828?w=1600&h=1200&fit=crop&crop=center&q=85&auto=format","unsplash","Generic stock photo"
"Sultan Sofrasi","indian","https://images.unsplash.com/photo-1585937421612-70a008356fbe?w=1600&h=1200&fit=crop&crop=center&q=85&auto=format","unsplash","Generic stock photo"
"Tanjia Garden","turkish","https://images.unsplash.com/photo-1551782450-a2132b4ba21d?w=1600&h=1200&fit=crop&crop=center&q=85&auto=format","unsplash","Generic stock photo"
"Kolapata","british","https://images.unsplash.com/photo-1551218808-93d42e57582b?w=1600&h=1200&fit=crop&crop=center&q=85&auto=format","unsplash","Generic stock photo"
"Olives and Oregano London","turkish","https://images.unsplash.com/photo-1548940740-204726a115ae?w=1600&h=1200&fit=crop&crop=center&q=85&auto=format","unsplash","Generic stock photo"
"Needoo Grill","british","https://images.unsplash.com/photo-1563379091339-03246963d4d8?w=1600&h=1200&fit=crop&crop=center&q=85&auto=format","unsplash","Generic stock photo"
"Sotto Cucina & Bar","british","https://images.unsplash.com/photo-1571091718767-18b5b1457add?w=1600&h=1200&fit=crop&crop=center&q=85&auto=format","unsplash","Generic stock photo"
"Feast and Mishti","british","https://images.unsplash.com/photo-1585937421612-70a008356fbe?w=1600&h=1200&fit=crop&crop=center&q=85&auto=format","unsplash","Generic stock photo"
"Makkah Grill","british","https://images.unsplash.com/photo-1565299507177-b0ac66763828?w=1600&h=1200&fit=crop&crop=center&q=85&auto=format","unsplash","Generic stock photo"
"Spice Hut","british","https://images.unsplash.com/photo-1551218808-93d42e57582b?w=1600&h=1200&fit=crop&crop=center&q=85&auto=format","unsplash","Generic stock photo"
"The Munch","british","https://images.unsplash.com/photo-1563379091339-03246963d4d8?w=1600&h=1200&fit=crop&crop=center&q=85&auto=format","unsplash","Generic stock photo"
"Liverpool Street Chop House & Tavern","british","https://images.unsplash.com/photo-1571091718767-18b5b1457add?w=1600&h=1200&fit=crop&crop=center&q=85&auto=format","unsplash","Generic stock photo"
"Polo Bar - 24 Hour Great British Cafe","british","https://images.unsplash.com/photo-1585937421612-70a008356fbe?w=1600&h=1200&fit=crop&crop=center&q=85&auto=format","unsplash","Generic stock photo"
"Eggslut Liverpool Street","british","https://images.unsplash.com/photo-1565299507177-b0ac66763828?w=1600&h=1200&fit=crop&crop=center&q=85&auto=format","unsplash","Generic stock photo"
"Eastway Brasserie","modern-european","https://images.unsplash.com/photo-1565299507177-b0ac66763828?w=1600&h=1200&fit=crop&crop=center&q=85&auto=format","unsplash","Generic stock photo"
"Lucky Cat by Gordon Ramsay - Bishopsgate","chinese","https://images.unsplash.com/photo-1585937421612-70a008356fbe?w=1600&h=1200&fit=crop&crop=center&q=85&auto=format","unsplash","Generic stock photo"
"Yauatcha City","japanese","https://images.unsplash.com/photo-1571091718767-18b5b1457add?w=1600&h=1200&fit=crop&crop=center&q=85&auto=format","unsplash","Generic stock photo"
"The Drift","british","https://images.unsplash.com/photo-1551218808-93d42e57582b?w=1600&h=1200&fit=crop&crop=center&q=85&auto=format","unsplash","Generic stock photo"
"The Ivy City Garden","british","https://images.unsplash.com/photo-1563379091339-03246963d4d8?w=1600&h=1200&fit=crop&crop=center&q=85&auto=format","unsplash","Generic stock photo"
"Luca Dsq.","italian","https://images.unsplash.com/photo-1579725942050-c312f3b1f8d6?w=1600&h=1200&fit=crop&crop=center&q=85&auto=format","unsplash","Generic stock photo"
"Eataly London","british","https://images.unsplash.com/photo-1571091718767-18b5b1457add?w=1600&h=1200&fit=crop&crop=center&q=85&auto=format","unsplash","Generic stock photo"
"Dirty Martini - Cocktail Bar in Bishopsgate","british","https://images.unsplash.com/photo-1585937421612-70a008356fbe?w=1600&h=1200&fit=crop&crop=center&q=85&auto=format","unsplash","Generic stock photo"
"Piccolino Exchange Square","british","https://images.unsplash.com/photo-1565299507177-b0ac66763828?w=1600&h=1200&fit=crop&crop=center&q=85&auto=format","unsplash","Generic stock photo"
"Canto Corvino","british","https://images.unsplash.com/photo-1551218808-93d42e57582b?w=1600&h=1200&fit=crop&crop=center&q=85&auto=format","unsplash","Generic stock photo"
"Gaucho Broadgate","british","https://images.unsplash.com/photo-1563379091339-03246963d4d8?w=1600&h=1200&fit=crop&crop=center&q=85&auto=format","unsplash","Generic stock photo"
"McDonald's","british","https://images.unsplash.com/photo-1571091718767-18b5b1457add?w=1600&h=1200&fit=crop&crop=center&q=85&auto=format","unsplash","Generic stock photo"
"Devonshire Terrace","british","https://images.unsplash.com/photo-1585937421612-70a008356fbe?w=1600&h=1200&fit=crop&crop=center&q=85&auto=format","unsplash","Generic stock photo"
"Miyako","japanese","https://images.unsplash.com/photo-1585937421612-70a008356fbe?w=1600&h=1200&fit=crop&crop=center&q=85&auto=format","unsplash","Generic stock photo"
"Mi Casa Burrito London Liverpool Street","mexican","https://images.unsplash.com/photo-1565299624946-b28f40a0ca4b?w=1600&h=1200&fit=crop&crop=center&q=85&auto=format","unsplash","Generic stock photo"
"Faroz Restaurant","british","https://images.unsplash.com/photo-1565299507177-b0ac66763828?w=1600&h=1200&fit=crop&crop=center&q=85&auto=format","unsplash","Generic stock photo"
"Yokoso Restaurant - Japanese & Italian Cuisine","modern-european","https://images.unsplash.com/photo-1571091718767-18b5b1457add?w=1600&h=1200&fit=crop&crop=center&q=85&auto=format","unsplash","Generic stock photo"
"Salamis Restaurant","british","https://images.unsplash.com/photo-1551218808-93d42e57582b?w=1600&h=1200&fit=crop&crop=center&q=85&auto=format","unsplash","Generic stock photo"
"Shezan GCD","chinese","https://images.unsplash.com/photo-1563379091339-03246963d4d8?w=1600&h=1200&fit=crop&crop=center&q=85&auto=format","unsplash","Generic stock photo"
"Crave Station","british","https://images.unsplash.com/photo-1563379091339-03246963d4d8?w=1600&h=1200&fit=crop&crop=center&q=85&auto=format","unsplash","Generic stock photo"
"Wazir Restaurant","british","https://images.unsplash.com/photo-1571091718767-18b5b1457add?w=1600&h=1200&fit=crop&crop=center&q=85&auto=format","unsplash","Generic stock photo"
"Smoke & Pepper (Gants Hill)","british","https://images.unsplash.com/photo-1585937421612-70a008356fbe?w=1600&h=1200&fit=crop&crop=center&q=85&auto=format","unsplash","Generic stock photo"
"The Urban Chocolatier","british","https://images.unsplash.com/photo-1565299507177-b0ac66763828?w=1600&h=1200&fit=crop&crop=center&q=85&auto=format","unsplash","Generic stock photo"
"Zu's Ilford","chinese","https://images.unsplash.com/photo-1582234371722-52744610f90e?w=1600&h=1200&fit=crop&crop=center&q=85&auto=format","unsplash","Generic stock photo"
"Famz Peri Peri","british","https://images.unsplash.com/photo-1551218808-93d42e57582b?w=1600&h=1200&fit=crop&crop=center&q=85&auto=format","unsplash","Generic stock photo"
"Taj Grill","british","https://images.unsplash.com/photo-1563379091339-03246963d4d8?w=1600&h=1200&fit=crop&crop=center&q=85&auto=format","unsplash","Generic stock photo"
"Gallio","british","https://images.unsplash.com/photo-1571091718767-18b5b1457add?w=1600&h=1200&fit=crop&crop=center&q=85&auto=format","unsplash","Generic stock photo"
"Scarpetta","british","https://images.unsplash.com/photo-1585937421612-70a008356fbe?w=1600&h=1200&fit=crop&crop=center&q=85&auto=format","unsplash","Generic stock photo"
"Capeesh","british","https://images.unsplash.com/photo-1565299507177-b0ac66763828?w=1600&h=1200&fit=crop&crop=center&q=85&auto=format","unsplash","Generic stock photo"
"Bethnal Green Tavern","british","https://images.unsplash.com/photo-1551218808-93d42e57582b?w=1600&h=1200&fit=crop&crop=center&q=85&auto=format","unsplash","Generic stock photo"
"Italina385","italian","https://images.unsplash.com/photo-1551218808-93d42e57582b?w=1600&h=1200&fit=crop&crop=center&q=85&auto=format","unsplash","Generic stock photo"
"The Common E2","british","https://images.unsplash.com/photo-1563379091339-03246963d4d8?w=1600&h=1200&fit=crop&crop=center&q=85&auto=format","unsplash","Generic stock photo"
"Perfetto Pizza ( Bethnal Green )","british","https://images.unsplash.com/photo-1571091718767-18b5b1457add?w=1600&h=1200&fit=crop&crop=center&q=85&auto=format","unsplash","Generic stock photo"
"Phat For Life","british","https://images.unsplash.com/photo-1585937421612-70a008356fbe?w=1600&h=1200&fit=crop&crop=center&q=85&auto=format","unsplash","Generic stock photo"
"The Full Monty","british","https://images.unsplash.com/photo-1565299507177-b0ac66763828?w=1600&h=1200&fit=crop&crop=center&q=85&auto=format","unsplash","Generic stock photo"
"Arches Cafe","british","https://images.unsplash.com/photo-1551218808-93d42e57582b?w=1600&h=1200&fit=crop&crop=center&q=85&auto=format","unsplash","Generic stock photo"
"Nando's Bethnal Green","british","https://images.unsplash.com/photo-1563379091339-03246963d4d8?w=1600&h=1200&fit=crop&crop=center&q=85&auto=format","unsplash","Generic stock photo"
"Al-Safa Grill","british","https://images.unsplash.com/photo-1571091718767-18b5b1457add?w=1600&h=1200&fit=crop&crop=center&q=85&auto=format","unsplash","Generic stock photo"
"Sweet Café - Stepney","british","https://images.unsplash.com/photo-1585937421612-70a008356fbe?w=1600&h=1200&fit=crop&crop=center&q=85&auto=format","unsplash","Generic stock photo"
"La Bella napoli","italian","https://images.unsplash.com/photo-1565299507177-b0ac66763828?w=1600&h=1200&fit=crop&crop=center&q=85&auto=format","unsplash","Generic stock photo"
"Shah's Halal Food Walthamstow","turkish","https://images.unsplash.com/photo-1504674900247-087700f998c5?w=1600&h=1200&fit=crop&crop=center&q=85&auto=format","unsplash","Generic stock photo"
"De Cafe Lounge & De biryani Lounge","indian","https://images.unsplash.com/photo-1563379091339-03246963d4d8?w=1600&h=1200&fit=crop&crop=center&q=85&auto=format","unsplash","Generic stock photo"
"PAR LONDON - PAK AL REYAN RESTAURANT","british","https://images.unsplash.com/photo-1565299507177-b0ac66763828?w=1600&h=1200&fit=crop&crop=center&q=85&auto=format","unsplash","Generic stock photo"
"Lala’s Grill & Restaurant","modern-european","https://images.unsplash.com/photo-1585937421612-70a008356fbe?w=1600&h=1200&fit=crop&crop=center&q=85&auto=format","unsplash","Generic stock photo"
"MyShish","modern-european","https://images.unsplash.com/photo-1563379091339-03246963d4d8?w=1600&h=1200&fit=crop&crop=center&q=85&auto=format","unsplash","Generic stock photo"
"Salash Kitchen - South Woodford","british","https://images.unsplash.com/photo-1551218808-93d42e57582b?w=1600&h=1200&fit=crop&crop=center&q=85&auto=format","unsplash","Generic stock photo"
"Shahs Halal Food - Leytonstone High Road","indian","https://images.unsplash.com/photo-1551218808-93d42e57582b?w=1600&h=1200&fit=crop&crop=center&q=85&auto=format","unsplash","Generic stock photo"
"Asado Steakhouse","british","https://images.unsplash.com/photo-1563379091339-03246963d4d8?w=1600&h=1200&fit=crop&crop=center&q=85&auto=format","unsplash","Generic stock photo"
"E3 Vegan","british","https://images.unsplash.com/photo-1571091718767-18b5b1457add?w=1600&h=1200&fit=crop&crop=center&q=85&auto=format","unsplash","Generic stock photo"
"The Hogless Roast","british","https://images.unsplash.com/photo-1585937421612-70a008356fbe?w=1600&h=1200&fit=crop&crop=center&q=85&auto=format","unsplash","Generic stock photo"
"Sen Viet Vegan Restaurant","british","https://images.unsplash.com/photo-1565299507177-b0ac66763828?w=1600&h=1200&fit=crop&crop=center&q=85&auto=format","unsplash","Generic stock photo"
"Siddhi Pure Veg Restaurant","british","https://images.unsplash.com/photo-1551218808-93d42e57582b?w=1600&h=1200&fit=crop&crop=center&q=85&auto=format","unsplash","Generic stock photo"
"Bubala Spitalfields","british","https://images.unsplash.com/photo-1563379091339-03246963d4d8?w=1600&h=1200&fit=crop&crop=center&q=85&auto=format","unsplash","Generic stock photo"
"Essential Vegan Cafe","british","https://images.unsplash.com/photo-1571091718767-18b5b1457add?w=1600&h=1200&fit=crop&crop=center&q=85&auto=format","unsplash","Generic stock photo"
"Sangeetha Veg Restaurant Indian","indian","https://images.unsplash.com/photo-1565299624946-b28f40a0ca4b?w=1600&h=1200&fit=crop&crop=center&q=85&auto=format","unsplash","Generic stock photo"
"Facing Heaven","british","https://images.unsplash.com/photo-1585937421612-70a008356fbe?w=1600&h=1200&fit=crop&crop=center&q=85&auto=format","unsplash","Generic stock photo"
"Taste of India Pure Vegetarian LTD","british","https://images.unsplash.com/photo-1565299507177-b0ac66763828?w=1600&h=1200&fit=crop&crop=center&q=85&auto=format","unsplash","Generic stock photo"
"PlantXology","british","https://images.unsplash.com/photo-1551218808-93d42e57582b?w=1600&h=1200&fit=crop&crop=center&q=85&auto=format","unsplash","Generic stock photo"
"Vegan Biosphere (Vegan Buffet)","british","https://images.unsplash.com/photo-1563379091339-03246963d4d8?w=1600&h=1200&fit=crop&crop=center&q=85&auto=format","unsplash","Generic stock photo"
"Adyar Ananda Bhavan - A2B Veg Restaurant","british","https://images.unsplash.com/photo-1571091718767-18b5b1457add?w=1600&h=1200&fit=crop&crop=center&q=85&auto=format","unsplash","Generic stock photo"
"Dauns","british","https://images.unsplash.com/photo-1585937421612-70a008356fbe?w=1600&h=1200&fit=crop&crop=center&q=85&auto=format","unsplash","Generic stock photo"
"Shinde's Pure Veg","british","https://images.unsplash.com/photo-1565299507177-b0ac66763828?w=1600&h=1200&fit=crop&crop=center&q=85&auto=format","unsplash","Generic stock photo"
"THE COVEN of WICHES","british","https://images.unsplash.com/photo-1551218808-93d42e57582b?w=1600&h=1200&fit=crop&crop=center&q=85&auto=format","unsplash","Generic stock photo"
"The Spread Eagle","british","https://images.unsplash.com/photo-1563379091339-03246963d4d8?w=1600&h=1200&fit=crop&crop=center&q=85&auto=format","unsplash","Generic stock photo"
"WAVE","british","https://images.unsplash.com/photo-1571091718767-18b5b1457add?w=1600&h=1200&fit=crop&crop=center&q=85&auto=format","unsplash","Generic stock photo"
"Tofu vegan Spitalfields","british","https://images.unsplash.com/photo-1585937421612-70a008356fbe?w=1600&h=1200&fit=crop&crop=center&q=85&auto=format","unsplash","Generic stock photo"
"Black Cat café","british","https://images.unsplash.com/photo-1565299507177-b0ac66763828?w=1600&h=1200&fit=crop&crop=center&q=85&auto=format","unsplash","Generic stock photo"
"Mildreds Dalston","british","https://images.unsplash.com/photo-1551218808-93d42e57582b?w=1600&h=1200&fit=crop&crop=center&q=85&auto=format","unsplash","Generic stock photo"
"Fed By Plants","british","https://images.unsplash.com/photo-1563379091339-03246963d4d8?w=1600&h=1200&fit=crop&crop=center&q=85&auto=format","unsplash","Generic stock photo"
"Baba's Village Restaurant","indian","https://images.unsplash.com/photo-1571091718767-18b5b1457add?w=1600&h=1200&fit=crop&crop=center&q=85&auto=format","unsplash","Generic stock photo"